# SQL Manager 2011 Lite for MySQL 5.0.0.3
# ---------------------------------------
# Host     : localhost
# Port     : 3306
# Database : ANAPATUT


/*!40101 SET @OLD_CHARACTER_SET_CLIENT=@@CHARACTER_SET_CLIENT */;
/*!40101 SET @OLD_CHARACTER_SET_RESULTS=@@CHARACTER_SET_RESULTS */;
/*!40101 SET @OLD_COLLATION_CONNECTION=@@COLLATION_CONNECTION */;
/*!40101 SET NAMES cp1251 */;

SET FOREIGN_KEY_CHECKS=0;

CREATE DATABASE `ANAPATUT`
    CHARACTER SET 'cp1251'
    COLLATE 'cp1251_general_ci';

USE `anapatut`;

#
# Structure for the `blog_assoc` table : 
#

CREATE TABLE `blog_assoc` (
  `BCAT_ID` int(11) NOT NULL DEFAULT '0',
  `BMSG_ID` int(11) NOT NULL DEFAULT '0'
) ENGINE=MyISAM DEFAULT CHARSET=cp1251;

#
# Structure for the `blog_category` table : 
#

CREATE TABLE `blog_category` (
  `BCAT_ID` int(11) NOT NULL AUTO_INCREMENT,
  `BCAT_NAME` varchar(255) NOT NULL DEFAULT 'Не указана',
  `OWNCAT_ID` int(11) NOT NULL DEFAULT '-1',
  PRIMARY KEY (`BCAT_ID`)
) ENGINE=MyISAM AUTO_INCREMENT=8 DEFAULT CHARSET=cp1251;

#
# Structure for the `blog_msg` table : 
#

CREATE TABLE `blog_msg` (
  `BMSG_ID` int(11) NOT NULL AUTO_INCREMENT,
  `HEADER` varchar(255) NOT NULL DEFAULT '',
  `MSG` text NOT NULL,
  `ADDDT` datetime NOT NULL DEFAULT '0000-00-00 00:00:00',
  `ISCLAUSE` int(11) NOT NULL DEFAULT '0',
  `ISCOMMENT` int(11) NOT NULL DEFAULT '0',
  `COMM_TO_ID` int(11) NOT NULL DEFAULT '-1',
  `AUTHOR` varchar(255) NOT NULL DEFAULT 'Не указан',
  `BCAT_ID` int(11) NOT NULL DEFAULT '-1',
  `PRIORITY` int(11) NOT NULL DEFAULT '0',
  `SHORT_TXT` varchar(255) DEFAULT NULL,
  `SHOWINPOP` int(11) NOT NULL DEFAULT '0',
  PRIMARY KEY (`BMSG_ID`)
) ENGINE=MyISAM AUTO_INCREMENT=13 DEFAULT CHARSET=cp1251;

#
# Structure for the `clicks` table : 
#

CREATE TABLE `clicks` (
  `CLICK_ID` int(11) NOT NULL AUTO_INCREMENT,
  `ISENTER` int(11) NOT NULL,
  `ISHOTEL` int(11) NOT NULL,
  `IP` varchar(20) NOT NULL,
  `HOTEL_ID` int(11) NOT NULL,
  `COMMENT` varchar(255) NOT NULL,
  `STATE` varchar(255) NOT NULL,
  `ADDDT` varchar(30) DEFAULT NULL,
  PRIMARY KEY (`CLICK_ID`)
) ENGINE=MyISAM AUTO_INCREMENT=501 DEFAULT CHARSET=cp1251;

#
# Structure for the `excursions` table : 
#

CREATE TABLE `excursions` (
  `exc_id` int(11) NOT NULL AUTO_INCREMENT,
  `name` varchar(100) DEFAULT NULL,
  PRIMARY KEY (`exc_id`)
) ENGINE=MyISAM DEFAULT CHARSET=cp1251;

#
# Structure for the `forum_msg` table : 
#

CREATE TABLE `forum_msg` (
  `record_id` int(11) NOT NULL AUTO_INCREMENT,
  `nick` varchar(255) NOT NULL DEFAULT '',
  `text` text NOT NULL,
  `add_date_time` datetime NOT NULL DEFAULT '0000-00-00 00:00:00',
  `ANSWER_ON` int(11) NOT NULL DEFAULT '-1',
  `FORUM_ID` int(11) NOT NULL DEFAULT '-1',
  PRIMARY KEY (`record_id`)
) ENGINE=MyISAM DEFAULT CHARSET=cp1251;

#
# Structure for the `forums` table : 
#

CREATE TABLE `forums` (
  `FORUM_ID` int(11) NOT NULL AUTO_INCREMENT,
  `CREATEDT` datetime NOT NULL DEFAULT '0000-00-00 00:00:00',
  `CAPTION` varchar(255) NOT NULL DEFAULT '',
  PRIMARY KEY (`FORUM_ID`)
) ENGINE=MyISAM DEFAULT CHARSET=cp1251;

#
# Structure for the `hotel_types` table : 
#

CREATE TABLE `hotel_types` (
  `ht_id` int(11) NOT NULL AUTO_INCREMENT,
  `htname` varchar(50) NOT NULL DEFAULT 'No hotel type',
  `htcomment` varchar(255) NOT NULL DEFAULT 'No hotel type comment',
  `menu_display` int(11) NOT NULL DEFAULT '0',
  `priority` int(11) NOT NULL DEFAULT '0',
  PRIMARY KEY (`ht_id`)
) ENGINE=MyISAM AUTO_INCREMENT=12 DEFAULT CHARSET=cp1251;

#
# Structure for the `hotels` table : 
#

CREATE TABLE `hotels` (
  `hotel_num` int(11) NOT NULL AUTO_INCREMENT,
  `presents_i_name` varchar(255) DEFAULT NULL,
  `name` varchar(255) DEFAULT 'noname',
  `comment` text,
  `adress` varchar(255) DEFAULT NULL,
  `phone` varchar(255) DEFAULT NULL,
  `e_mail` varchar(50) DEFAULT NULL,
  `web` varchar(255) DEFAULT NULL,
  `type` int(11) NOT NULL DEFAULT '1',
  `eat_comment` varchar(255) DEFAULT 'Питание:',
  `cafe_filename` varchar(255) DEFAULT NULL,
  `priority` int(11) NOT NULL DEFAULT '0',
  `distance` varchar(255) DEFAULT NULL,
  `best_offer` int(11) NOT NULL DEFAULT '0',
  `cafe2_filename` varchar(255) DEFAULT NULL,
  `contact_info` varchar(255) DEFAULT 'нет данных',
  `group_priority` int(11) NOT NULL DEFAULT '0',
  `SREGION_ID` int(11) NOT NULL DEFAULT '-1',
  `STATE_ID` int(11) NOT NULL DEFAULT '-1',
  `S_DIST_ID` int(11) NOT NULL DEFAULT '-1',
  `min_prise_pers` int(11) NOT NULL DEFAULT '0',
  `min_price_room` int(11) NOT NULL DEFAULT '0',
  `rating` int(11) NOT NULL DEFAULT '1',
  `in_rotate_list` int(11) NOT NULL DEFAULT '0',
  `short_def` varchar(255) NOT NULL DEFAULT 'Нет описания',
  `pr_vert_sml_img` varchar(255) DEFAULT NULL,
  PRIMARY KEY (`hotel_num`)
) ENGINE=MyISAM AUTO_INCREMENT=62 DEFAULT CHARSET=cp1251;

#
# Structure for the `hotels_options` table : 
#

CREATE TABLE `hotels_options` (
  `hotel_num` int(11) NOT NULL DEFAULT '0',
  `so_id` int(11) NOT NULL DEFAULT '0'
) ENGINE=MyISAM DEFAULT CHARSET=cp1251;

#
# Structure for the `image_content` table : 
#

CREATE TABLE `image_content` (
  `filename` varchar(255) NOT NULL DEFAULT '',
  `comment` varchar(255) NOT NULL DEFAULT 'No comment',
  `hotel_num` int(11) DEFAULT NULL,
  `rooms_id` int(11) DEFAULT NULL,
  `heigth` int(11) NOT NULL DEFAULT '0',
  `width` int(11) NOT NULL DEFAULT '0',
  `ph_gallery_id` int(11) NOT NULL DEFAULT '-1',
  `short_t` varchar(30) DEFAULT NULL,
  `priority` int(11) NOT NULL DEFAULT '0',
  PRIMARY KEY (`filename`)
) ENGINE=MyISAM DEFAULT CHARSET=cp1251;

#
# Structure for the `logins` table : 
#

CREATE TABLE `logins` (
  `nick` varchar(255) NOT NULL DEFAULT '',
  `password` varchar(255) NOT NULL DEFAULT '',
  PRIMARY KEY (`nick`)
) ENGINE=MyISAM DEFAULT CHARSET=cp1251;

#
# Structure for the `markets` table : 
#

CREATE TABLE `markets` (
  `mrk_id` int(11) NOT NULL AUTO_INCREMENT,
  `is_supermarket` int(11) NOT NULL DEFAULT '0',
  `is_hypermarket` int(11) NOT NULL DEFAULT '0',
  `market_name` varchar(100) DEFAULT NULL,
  `market_adress` varchar(255) DEFAULT NULL,
  `is_shop` int(11) NOT NULL DEFAULT '0',
  PRIMARY KEY (`mrk_id`)
) ENGINE=MyISAM DEFAULT CHARSET=cp1251;

#
# Structure for the `news` table : 
#

CREATE TABLE `news` (
  `news_id` int(11) NOT NULL AUTO_INCREMENT,
  `add_dt` datetime DEFAULT NULL,
  `n_head` varchar(100) DEFAULT NULL,
  `n_text` varchar(255) DEFAULT NULL,
  PRIMARY KEY (`news_id`)
) ENGINE=MyISAM DEFAULT CHARSET=cp1251;

#
# Structure for the `options_level` table : 
#

CREATE TABLE `options_level` (
  `ol_id` int(11) NOT NULL AUTO_INCREMENT,
  `name` varchar(255) NOT NULL DEFAULT 'СТАНДАРТ',
  `level` int(11) NOT NULL DEFAULT '0',
  PRIMARY KEY (`ol_id`)
) ENGINE=MyISAM AUTO_INCREMENT=4 DEFAULT CHARSET=cp1251;

#
# Structure for the `ph_gallery` table : 
#

CREATE TABLE `ph_gallery` (
  `ph_gallery_id` int(11) NOT NULL AUTO_INCREMENT,
  `gallery_name` varchar(255) NOT NULL DEFAULT 'Без названия',
  `gallery_comment` varchar(255) DEFAULT NULL,
  `g_filename` varchar(255) DEFAULT NULL,
  `PRIORITY` int(11) NOT NULL DEFAULT '0',
  PRIMARY KEY (`ph_gallery_id`)
) ENGINE=MyISAM AUTO_INCREMENT=21 DEFAULT CHARSET=cp1251;

#
# Structure for the `remote_orders` table : 
#

CREATE TABLE `remote_orders` (
  `ORDER_NUM` bigint(20) NOT NULL,
  `ADRESS` varchar(255) DEFAULT NULL,
  `SUMM` float DEFAULT '0',
  `ACCEPTED` int(11) DEFAULT '0',
  `INCOURSE` int(11) DEFAULT '0',
  `ABORT` int(11) DEFAULT '0',
  `DRNUM` int(11) NOT NULL,
  `PHONE` varchar(255) DEFAULT NULL,
  PRIMARY KEY (`ORDER_NUM`)
) ENGINE=MyISAM DEFAULT CHARSET=cp1251;

#
# Structure for the `rest_inst` table : 
#

CREATE TABLE `rest_inst` (
  `rinst_id` int(11) NOT NULL AUTO_INCREMENT,
  `rinst_name` varchar(100) DEFAULT NULL,
  `rinst_adress` varchar(255) DEFAULT NULL,
  `is_cafe` int(11) NOT NULL DEFAULT '0',
  `is_restaurant` int(11) NOT NULL DEFAULT '0',
  `is_club` int(11) NOT NULL DEFAULT '0',
  `is_aquapark` int(11) NOT NULL DEFAULT '0',
  `is_beach` int(11) NOT NULL DEFAULT '0',
  `is_thing_rent` int(11) NOT NULL DEFAULT '0',
  PRIMARY KEY (`rinst_id`)
) ENGINE=MyISAM DEFAULT CHARSET=cp1251;

#
# Structure for the `room_images` table : 
#

CREATE TABLE `room_images` (
  `room_id` int(11) NOT NULL DEFAULT '0'
) ENGINE=MyISAM DEFAULT CHARSET=cp1251;

#
# Structure for the `rooms` table : 
#

CREATE TABLE `rooms` (
  `rooms_id` int(11) NOT NULL AUTO_INCREMENT,
  `hotel_num` int(11) DEFAULT NULL,
  `comment` text NOT NULL,
  `image_file` varchar(255) NOT NULL DEFAULT '',
  `ol_id` int(11) NOT NULL DEFAULT '3',
  PRIMARY KEY (`rooms_id`)
) ENGINE=MyISAM AUTO_INCREMENT=18 DEFAULT CHARSET=cp1251;

#
# Structure for the `rooms_options` table : 
#

CREATE TABLE `rooms_options` (
  `rooms_id` int(11) DEFAULT NULL,
  `so_id` int(11) DEFAULT NULL
) ENGINE=MyISAM DEFAULT CHARSET=cp1251;

#
# Structure for the `sea_dists` table : 
#

CREATE TABLE `sea_dists` (
  `S_DIST_ID` int(11) NOT NULL AUTO_INCREMENT,
  `SDIST_NAME` varchar(255) NOT NULL DEFAULT '',
  PRIMARY KEY (`S_DIST_ID`)
) ENGINE=MyISAM AUTO_INCREMENT=6 DEFAULT CHARSET=cp1251;

#
# Structure for the `service_options` table : 
#

CREATE TABLE `service_options` (
  `so_id` int(11) NOT NULL AUTO_INCREMENT,
  `name` varchar(255) DEFAULT NULL,
  `filename` varchar(255) DEFAULT NULL,
  PRIMARY KEY (`so_id`)
) ENGINE=MyISAM AUTO_INCREMENT=64 DEFAULT CHARSET=cp1251;

#
# Structure for the `services` table : 
#

CREATE TABLE `services` (
  `serv_id` int(11) NOT NULL AUTO_INCREMENT,
  `serv_name` varchar(255) DEFAULT NULL,
  `serv_adr` varchar(255) DEFAULT NULL,
  PRIMARY KEY (`serv_id`)
) ENGINE=MyISAM DEFAULT CHARSET=cp1251;

#
# Structure for the `sports` table : 
#

CREATE TABLE `sports` (
  `sp_id` int(11) NOT NULL AUTO_INCREMENT,
  `sp_name` varchar(255) DEFAULT NULL,
  `sp_adress` varchar(255) DEFAULT NULL,
  `sp_phone` varchar(255) DEFAULT NULL,
  PRIMARY KEY (`sp_id`)
) ENGINE=MyISAM DEFAULT CHARSET=cp1251;

#
# Structure for the `st_regions` table : 
#

CREATE TABLE `st_regions` (
  `SREGION_ID` int(11) NOT NULL AUTO_INCREMENT,
  `SR_NAME` varchar(255) NOT NULL DEFAULT 'Не указан',
  `STATE_ID` int(11) NOT NULL DEFAULT '-1',
  PRIMARY KEY (`SREGION_ID`)
) ENGINE=MyISAM AUTO_INCREMENT=12 DEFAULT CHARSET=cp1251;

#
# Structure for the `states` table : 
#

CREATE TABLE `states` (
  `STATE_ID` int(11) NOT NULL AUTO_INCREMENT,
  `ST_NAME` varchar(255) NOT NULL DEFAULT '',
  PRIMARY KEY (`STATE_ID`)
) ENGINE=MyISAM AUTO_INCREMENT=2 DEFAULT CHARSET=cp1251;

#
# Structure for the `td_messages` table : 
#

CREATE TABLE `td_messages` (
  `MSG_ID` int(11) NOT NULL AUTO_INCREMENT,
  `OPERATION_NAME` varchar(50) NOT NULL,
  `SOURCE_ID` int(11) NOT NULL,
  `DEST_ID` int(11) NOT NULL,
  `OBJ_ID` int(11) NOT NULL,
  `STR_PARAM_1` varchar(255) NOT NULL,
  `STR_PARAM_2` varchar(255) NOT NULL,
  `STR_PARAM_3` varchar(255) NOT NULL,
  `INT_PARAM_1` int(11) NOT NULL,
  `INT_PARAM_2` int(11) NOT NULL,
  `INT_PARAM_3` int(11) NOT NULL,
  `IN_DEST` int(11) NOT NULL DEFAULT '0',
  `ANSWER` int(11) NOT NULL DEFAULT '0',
  PRIMARY KEY (`MSG_ID`)
) ENGINE=MyISAM AUTO_INCREMENT=11 DEFAULT CHARSET=cp1251;

#
# Structure for the `transport` table : 
#

CREATE TABLE `transport` (
  `tr_id` int(11) NOT NULL AUTO_INCREMENT,
  `tr_name` varchar(100) DEFAULT NULL,
  `tr_phone` varchar(255) DEFAULT NULL,
  `tr_adress` varchar(255) DEFAULT NULL,
  `is_taxi` int(11) NOT NULL DEFAULT '0',
  `is_transfert` int(11) NOT NULL DEFAULT '0',
  `is_tickets_sale` int(11) NOT NULL DEFAULT '0',
  PRIMARY KEY (`tr_id`)
) ENGINE=MyISAM DEFAULT CHARSET=cp1251;

#
# Structure for the `treatment` table : 
#

CREATE TABLE `treatment` (
  `tr_id` int(11) NOT NULL AUTO_INCREMENT,
  `tr_name` varchar(255) DEFAULT NULL,
  PRIMARY KEY (`tr_id`)
) ENGINE=MyISAM DEFAULT CHARSET=cp1251;

#
# Data for the `blog_category` table  (LIMIT -492,500)
#

INSERT INTO `blog_category` (`BCAT_ID`, `BCAT_NAME`, `OWNCAT_ID`) VALUES 
  (1,'Выгодный отдых',-1),
  (2,'Подбор вариантов',-1),
  (3,'Детский отдых',-1),
  (4,'Лечение в Анапе',-1),
  (5,'О городе-курорте Анапа',-1),
  (6,'Транспорт на курорте',-1),
  (7,'Развлечения в Анапе',-1);
COMMIT;

#
# Data for the `blog_msg` table  (LIMIT -488,500)
#

INSERT INTO `blog_msg` (`BMSG_ID`, `HEADER`, `MSG`, `ADDDT`, `ISCLAUSE`, `ISCOMMENT`, `COMM_TO_ID`, `AUTHOR`, `BCAT_ID`, `PRIORITY`, `SHORT_TXT`, `SHOWINPOP`) VALUES 
  (1,'Недорогой (доступный) отдых в Анапе','В городе-курорте Анапе на сегодняшний день вследствии увеличившейся конкуренции среди арендодателей на летнее проживание (отдых) появилась достаточная прослойка тех, кто готов сдать достаточно комфортное жилье с многими опциями за достаточно приемлемую цену. Таким образом, можно отдохнуть на популярном российском курорте, одном из немногих, где достаточно жарко, много песчаных пляжей и настоящее глубокое синее море, у которого есть история, уходящая в века и при всем этом немного потратить...','2010-04-20 13:52:27',1,0,0,'Поддержка сайта',1,0,'В городе-курорте Анапе на сегодняшний день вследствии увеличившейся конкуренции среди арендодателей на летнее проживание (отдых) появилась достаточная прослойка тех, кто готов сдать достаточно комфортное жилье за достаточно приемлемую цену...',1),
  (2,'Детский отдых в Анапе. Отдых детей с лечением.','Многие знают, что для детей в Анапе уже природой созданы многие условия для настоящего отдыха. Для подрастающего поколения есть и создается все для полноценного и комфортного времяпровождения: бесконечные неглубокие пляжи из золотого песка с барханами как в сказках про Али-Бабу, лечащее и просто восстанавливающее море, полезный воздух с высоким содержанием йода и кислорода, яркое солнце и чистое голубое небо почти все лето и круглый год, бесконечное множество развлекательных и развивающих объектов: несколько аквапарков европейского уровня в различных районах курорта, спортивные центры, парки, видовые площадки, дельфинарий, прогулочные катера и яхты, множество собственных оборудованных территорий у санаториев и детских лагерей, центров. Помимо множества эмоций и нового для себя ребенок или подросток могут получить разнообразное целенаправленное и профилактическое лечение у большого числа оздоровительных центров и комплексов, расположенных в Анапе. ','2010-04-20 14:04:13',1,0,0,'Поддержка сайта',3,0,'Многие знают, что для детей в Анапе уже природой созданы многие условия для настоящего отдыха. Для подрастающего поколения есть и создается все для полноценного и комфортного времяпровождения...',1),
  (3,'Лечение и восстановление на курорте','<table cellpadding=\"5\" cellspacing=\"5\" border=\"0\" width=\"100%\">\r\n\t\t\t\t<tr>\r\n\t\t\t\t\t\t  <td class=\"content\" valign=\"top\" width=\"100%\">\r\n\r\n<P align=justify>Анапа - один из крупнейших курортов Краснодарского Причерноморья. Здесь более 170 санаториев, пансионатов, детских лагерей отдыха. Анапа является самым крупным в России детским и семейным курортом, и здесь сформировано несколько основных лечебных направлений:</P>\r\n<P>\r\n<UL>\r\n<LI>заболевания органов дыхания нетуберкулёзного характера \r\n<LI>заболевания ЛОР-органов \r\n<LI>болезни костно-мышечной системы \r\n<LI>болезни сердечно-сосудистой системы \r\n<LI>болезни периферических сосудов \r\n<LI>заболевания нервной системы \r\n<LI>болезни кожи \r\n<LI>болезни органов пищеварения \r\n<LI>заболевания глаз \r\n<LI>гинекологические болезни \r\n<LI>болезни мочеполовой системы у мужчин </LI>\r\n</UL>Проводится очищение организма от вредных шлаков, радионуклидов, солей тяжёлых металлов у пациентов из неблагополучных зон, в том числе радиоактивного заражения. \r\n<P><B><U>Минеральные воды</U></B></P>\r\n<P align=justify>Миллионы лет подземные воды анапского побережья насыщались газами и минеральными веществами. Местные минеральные источники использовали для лечения ещё древние греки. Сейчас на курорте применяют несколько типов минеральных вод для лечебного и столового питья, которые хорошо помогают при болезнях желудка, кишечника, печени, желчного пузыря. Уникаль&shy;ны по своему составу питьевые лечебно-столовые воды Семигорского месторождения. Эта вода является хлоридно-гидрокарбонатно-натриевой с повышенным содержанием йода, бора, высоким газосодержанием и минерализацией.</P>\r\n<P><B>Грязелечение</B></P>\r\n<P align=justify>В основном это сероводородные грязи местных озёр и лиманов. Иловая сульфидная грязь используется для лечения бронхолёгочных заболеваний, при болезнях органов пищеварения и кожи. Содержащиеся в них биогенные стимуляторы повышают сопротивляемость организма. Этот вид лечения эффективен также при заболеваниях суставов, мышц, невралгиях, в гинекологии.</P>\r\n<P align=justify><B>Виноградолечение (ампелотерапия). </B>Анапа славится прекрасными сортами лечебного винограда. Местный виноград, впитавший энергию солнца и запахи моря, - вкусный, душистый и целебный. С июля по октябрь его используют во всех здравницах курорта как очень эффективное средство при малокровии, сосудистых заболеваниях, функциональных расстройствах нервной системы, болезнях органов пищеварения, обмена веществ, хронических заболеваниях верхних дыхательных путей и лёгких вне обострения, при упадке питания и анемиях лёгкой и средней степени. Противопоказания: высокая степень ожирения, сахарный диабет, язвенные поражения желудочно-кишечного тракта, декомпенсированные пороки сердца, заболевания почек с явлениями почечной недостаточности.</P>\r\n<P><B>Винолечение (энотерапия)</B></P>\r\n<P align=justify>Издавна на этой земле занимались виноделием. Вина Анапы получали награды на самых престижных конкурсах. Вы можете оценить вкус и аромат анапских вин в дегустационных залах. Виноградные вина рекомендуются врачами при малокровии, ослабленным больным, находящимся в стадии выздоровления после тяжёлых болезней, ранений, операций, при потере аппетита. Вино стимулирует работу сердца и сосудов, замедляет накопление в организме холестерина. Подогретое вино (особенно красное сухое, кагор, креплёное) можно применять при простуде, ознобе, переохлаждении.</P>\r\n<P><B><U>Санаторно-курортный комплекс «ДИЛУЧ»</U></B></P>\r\n<P>г.Анапа, ул. Пушкина, 22, тел. (86133)&nbsp;3-00-26,&nbsp; тел./факс&nbsp; 5-26-29</P>\r\n<P>Многопрофильное санаторно-курортное лечение и отдых взрослых и детей:</P>\r\n<UL>\r\n<LI>медицинская реабилитация; \r\n<LI>профпатология, \r\n<LI>лапароскопическая хирургия. \r\n<LI>иммунология, аллергология; \r\n<LI>реабилитация после нарушений мозгового кровообращения; \r\n<LI>гинекология; \r\n<LI>заболевания органов дыхания, опорно-двигательного аппарата, сердечно-сосудистой системы, глаз, кожи, пищеварительной, мочеполовой системы, сосудов, \r\n<LI>эндокринные заболевания и расстройства; \r\n<LI>женское и мужское бесплодие; \r\n<LI>хроническая лучевая болезнь; \r\n<LI>стоматология. </LI>\r\n</UL>\r\n<P><B> Эксклюзивные программы</B> :</P>\r\n<P>«Эндоэкологическая реабилитация», </P>\r\n<P>«Чистая кровь»,</P>\r\n<P>«Антистресс», </P>\r\n<P>«Свободное дыхание», </P>\r\n<P>«Стройная фигура», </P>\r\n<P>«Детская» (для ослабленных, часто болеющих детей), </P>\r\n<P>«Продли свою молодость»,</P>\r\n<P>«Простатит», </P>\r\n<P>«Здоровый кишечник», </P>\r\n<P>«Диагностическая», </P>\r\n<P>«Легкая походка», </P>\r\n<P>«Гинекологическая»,</P>\r\n<P>«Здоровые глаза» и другие.</P>\r\n<P align=center><B><U>САНАТОРИЙ «РУСЬ»</U></B></P>\r\n<P align=justify>Санаторно-курортные процедуры: физиотерапия, ингаляция, гальваногрязелечение, кишечное промывание, иглорефлексотерапия, водолечение, стоматология, гинекология. &nbsp;Особое место занимает лечение по методу Р. Фолля, лазеротерапия, апитерапия, энтеросорбция, фитотерапия, лечение больных из зон радионуклидного загрязнения. </P>\r\n<P>Высок авторитет санатория в лечении аллергических заболеваний.</P>\r\n<P align=justify>Современная отечественная и импортная медицинская аппаратура, в том числе специального назначения, такая как компьютеризированное устройство для диагностики экологической загрязненности организма, психонормализатор, аппарат для восстановления текучести тканевой жидкости и лимфы &nbsp;помогают диагностировать и лечить пациентов на самом высоком научном уровне.</P>\r\n<P><B><U>САНАТОРИЙ «БФО – бальнеофизиотерапевтическое объединение»</U></B></P>\r\n<P>г.&nbsp;Анапа,ул.Пушкина,&nbsp;13, тел. (86133)&nbsp;4-06-62&nbsp;&nbsp;— регистратура</P>\r\n<P align=justify>Заболевания сердечно-сосудистой системы; заболевания костно-мышечной системы; заболевания нервной системы; гинекологические заболевания; заболевания органов пищеварения; заболевания мочеполовой системы у мужчин; заболевания кожи; стоматологические заболевания.</P>\r\n<P><B><U>Водолечение</U></B></P>\r\n<UL>\r\n<LI>морские ванны; \r\n<LI>жемчужные ванны на морской воде; \r\n<LI>бромные ванны на морской воде; \r\n<LI>йодо-бромные ванны; \r\n<LI>йодо-бромные жемчужные ванны; \r\n<LI>четырех камерные ванны; \r\n<LI>кишечное промывание минеральной водой; \r\n<LI>кишечная микроклизма на минеральной воде; \r\n<LI>подводный душ-массаж; \r\n<LI>гидропатия (душ Шарко, циркулярный душ, восходящий душ); \r\n<LI>подводное вытяжение позвоночника в морской воде; \r\n<LI>лечебный бассейн с морской водой; \r\n<LI>стоматологическое орошение; \r\n<LI>питьевое лечение минеральными водами «Анапская» и «Семигорская». </LI>\r\n</UL>\r\n<P><B><U>Грязелечение:</U></B></P>\r\n<UL>грязевые аппликации: \r\n<LI>«трусы» + тампоны (гинекологические или урологические); \r\n<LI>тампоны гинекологические или урологические; \r\n<LI>гальваногрязь; \r\n<LI>гальваногрязь с тампоном; \r\n<LI>стоматологическая грязь. </LI>\r\n</UL>\r\n<P><B><U>Физиотерапия:</U></B></P>\r\n<UL>\r\n<LI>ингаляции;светолечение КУФ); \r\n<LI>аппаратная физиотерапия («Магнит», «Ультразвук», «Электофорез», «УВЧ», «СКЭНАР»). </LI>\r\n</UL>\r\n<P><B><U>Термотерапия:</U></B></P>\r\n<UL>\r\n<LI>сауна; \r\n<LI>контрастные бассейны с морской водой. </LI>\r\n</UL>\r\n<P><B><U>ЗАО «Санаторий «Маяк» \r\n<BR></U></B>г.&nbsp;Анапа, ул.Кирова,&nbsp;2 \r\n<BR>тел. (86133)&nbsp;4-35-11 \r\n<BR>Санаторно-курортное лечение, отдых.</P>\r\n<P><B><U>ЗАО «Санаторий «Кубань»</U></B><U> \r\n<BR></U>г.&nbsp;Анапа, ул. Пушкина,&nbsp;30 \r\n<BR>тел. (86133)&nbsp;4-61-09,&nbsp; т/ф&nbsp;5-42-26 \r\n<BR>Санаторно-курортное лечение, отдых.</P>\r\n<P><B><U>ЗАО «Санаторий «Малая бухта»</U></B><U> \r\n<BR></U>г.&nbsp;Анапа, ул. Таманская,&nbsp;4 \r\n<BR>тел. (86133)&nbsp;4-52-96 \r\n<BR>Санаторно-курортное лечение, отдых</P></td>\r\n\t\t  <td width=\"140\" valign=\"top\" align=\"center\"><img src=\"images/dance_girl_small/dance_girl_small_3.jpg\" width=\"140\" height=\"183\">\r\n\t</td>\r\n\t\t\t\t</tr>\r\n\t\t\t\t\t\t</table>','2010-04-28 20:52:43',1,0,0,'Поддержка сайта.',4,1,'Анапа - один из крупнейших курортов Краснодарского Причерноморья. Здесь более 170 санаториев, пансионатов, детских лагерей отдыха. Анапа является самым крупным в России детским и семейным курортом, и здесь сформировано несколько основных лечебных...',1),
  (4,'История города Анапа','<div align=\"justify\">\r\n\r\n<blockquote>\r\n  \r\n    <p><span class=\"body_header\">Город-курорт Анапа</span><br/>\r\n      <span class=\"info_txt\"><blockquote>Анапа - уникальный климатический курорт на западном побережье Северного Кавказа. Город находится на месте, где сочетается три климата: горный, морской, степной, что и сыграло главную роль в судьбе города - как курорта.\r\n      Но это далеко не все бальнеологические факторы Анапы - изобилие источников минеральных вод; лечебные грязи, лазурное море, песчаные пляжи протянувшиеся на 50 км вдоль побережья Черного моря, уникальные реликтовые природные комплексы.\r\n      \r\n      Географические координаты и степной климат обеспечивают Анапе более 280 солнечных дней в году, и среднегодовую температуру воздуха более 12 гр.С. Плодородные почвы и климат создают идеальные условия для выращивания винограда и изготовления прекрасных и изысканных сортов вин.\r\n      \r\n      Данные археологии свидетельствуют, что человек поселился на этой территории в эпоху каменного века и жизнь людей здесь уже не прекращается никогда.\r\n      Данные археологии свидетельствуют, что человек поселился на этой территории в эпоху каменного века и жизнь людей здесь уже не прекращается никогда.\r\n      Уже последней четверти VI века до нэ. На берегу Анапской бухты на земле синдов местных , аборигенных племен , греками колонистами был основан полис , получивший название Синдик.<br>\r\n      Уникальный комплекс природных , климатических и лечебных факторов Анапы предопределили её судьбу как города - курорта . Рождение курорта неразрывно связано с именем доктора В.А.Будзинского , который открывает в июле 1900 года первый санаторий &laquo;Береговая&raquo; , в 1907 г - &laquo;Лучезарная&raquo; , в 1909году &laquo; Бимлюк&raquo;. Профессор Н.П.Гундобин писал на страницах &laquo;Врачебной Газеты&raquo; : &laquo;Анапа - первоклассный курорт для детей которому позавидовала бы вся Западная Европа ; здесь мы встречаем редкое сочетание даров природы: соединение климатов степного, горного , и морского ; песчаный пляж - первый в России по красоте и удобствам , так, что купания доступны даже для детей двухлетнего возраста, целебная грязь, не уступающая по силе крымским грязям , наконец виноградное лечение. \r\n      Принципы курортного строительства заложенные доктором Будзинским , легли в основу организации современного города-курорта . &laquo;Жемчужиной России&raquo; -называют сегодня Анапу , а подлинной жемчужиной города является археологический заповедник &laquo;Горгиппия&raquo; . С 1960 года в Анапе проводятся систематические археологические раскопки ( руководитель - доктор исторических наук Е.М. Алексеева) . Сегодня установлено , что древняя Горгиппия находится под современным городом и занимает площадь около 40 га. . Компромиссным стало решение о выделении 2 га. Вдоль Набережной для создания музея под токрытым небом - единственным в своём роде в России. </p>\r\n\t  Начиная с 60-х годов идет интенсивное строительство детских здравниц. И к 1979 году Анапа смогла одновременно принять более 63 тыс. детей. За годы своего существования курорт Анапа вырос и значительно окреп. Также активно развивается сфера семейного отдыха, миллионы россиян и жителей ближнего и дальнего зарубежья поправили свое здоровье в Анапе. Прекрасно развитая структура лечебно-диагностических учреждений позволяет лечить огромное количество различных заболеваний, главным образом используя природные компоненты - морская вода, мин. воды, лечебные грязи (иловые и сопочные) и множество др. У Анапы и ее окрестностей огромный невостребованный потенциал, который сейчас активно разрабатывается. \r\n  </blockquote>\r\n  </span>\r\n</blockquote>\r\n\r\n</div>','2010-05-03 07:01:35',1,0,0,'Поддержка сайта',5,0,'Анапа - уникальный климатический курорт на западном побережье Северного Кавказа. Город находится на месте, где сочетается три климата: горный, морской, степной, что и сыграло главную роль в судьбе города - как курорта...',1),
  (5,'Курортный поселок Витязево','<div align=\"justify\">\r\n  <blockquote>\r\n    \r\n      <p>\r\n        <blockquote>\r\n          <span class=\"info_txt\">&nbsp;&nbsp;&nbsp;&nbsp;&nbsp;Поселок Витязево, назван в честь майора Витязя, совершившего свой подвиг в августе 1809 года. После взятия русскими войсками турецкой крепости Анапа в ней был оставлен гарнизон, которому приходилось постоянно сдерживать набеги черкесов. <br/>\r\n  &nbsp;&nbsp;&nbsp;&nbsp;&nbsp;Майор Витязь вышел из крепости с двумя ротами 22-го егерского полка, 30 казаками и одним орудием навстречу отряду черноморских казаков, которые шли в крепость. На отряд Витязя напали черкесы и окружили его. Бой продолжался несколько часов. Тяжело раненый Витязь личным мужеством вдохновлял воинов, призывая их не сдаваться. Бой был услышан в крепости и отряду была оказана помощь, было спасено орудие и люди. Сам Витязь умер через три дня от ран. \r\n            \r\n            В 1837 году была основана казачья станица Витязевская, которая была оставлена во время Крымской войны (1854). \r\n            \r\n            В 1862 году на месте станицы возникло первое в Кубанской области компактное поселение черноморских греков село Витязево. Для её заселения было предположено 450 греческих семей.<br/>\r\n  &nbsp;&nbsp;&nbsp;&nbsp;&nbsp;Один из лучших песчаных пляжей на черноморском побережье находится в курортном посёлке Витязево. В 16 км от Анапы находится курортный поселок Витязево, который греки, приплывшие сюда две тысячи лет назад, называли Понт Эвксинский.<br/>\r\n  <img src=\"images/vit_beach.jpg\" alt=\"Витязевский пляж\" width=\"200\" height=\"150\" border=\"2\" align=\"left\" class=\"info_img\"/>\r\n          Лучшего места для семейного отдыха не найти. Пляж Витязево- песчаный с вкраплениями крошек ракушек, его ширина составляет порядка 120 метров. Чистый золотой песок, без единого камешка тянется на десятки километров.</span>\r\n          \r\n          <span class=\"info_txt\"><br/>\r\n            <img src=\"images/paralia.jpg\" alt=\"Развлекательный комплекс (бульвар для прохода на пляж) &quot;Паралия&quot;\" width=\"200\" height=\"150\" border=\"2\" align=\"right\" class=\"info_img\" /> &nbsp;&nbsp;&nbsp;&nbsp;&nbsp;Как правило, на пляж идут двумя дорогами - по Черноморской улице через арку Центрального пляжа или от улицы Горького, по дороге вдоль недавно построенного комплекса \"ПАРАЛИЯ\". Имеются различные виды развлечений.<br/>\r\n  &nbsp;&nbsp;&nbsp;&nbsp;&nbsp;Вечерняя и ночная бурная жизнь поселка протекает, в основном, у центрального пляжа. Здесь сосредоточены бары, кафе и дискотеки.Витязево славится не только золотыми песчаными пляжами и теплым Черным морем , но и вкусными виноградными винами.<br/>\r\n  &nbsp;&nbsp;&nbsp;&nbsp;&nbsp;К западу от Витязево лежит Витязевский лиман. Самое глубокое место - 2 метра. Этот лиман образовался достаточно давно, отделившись от Черного моря. Иловые сульфидные грязи формировались в течение сотен веков. Содержат соединения азота, фосфора, кремния, железа, серы. Относятся к приморскому типу, характеризуются наиболее высоким содержанием сульфидов и высокой минерализацией грязевого раствора. Иловая грязь обладает выраженным противовоспалительным, рассасывающим, обезболивающим и бактерицидным действием. При грязелечении повышаются иммунобиологические и регенеративные процессы, оказывается благоприятное влияние на белковый, углеводный и водный обмен.</span> \r\n            \r\n                </p>\r\n    </blockquote>\r\n  </blockquote>\r\n  </div>','2010-05-03 07:09:39',1,0,0,'Поддержка сайта',5,0,'Один из лучших песчаных пляжей на черноморском побережье находится в курортном посёлке Витязево. В 16 км от Анапы находится курортный поселок Витязево, который греки, приплывшие сюда две тысячи лет назад...',0),
  (6,'Транспорт в городе-курорте Анапа','Анапа находится на федеральной дороге, соединяющей Керченский пролив и Сочи. Город-курорт имеет свой международный аэропорт, принимающий крупный авиатранспорт (Боинг), свои железнодорожный вокзал и расположенную недалеко ж/д станцию под Новороссийском. В Анапе также функционирует морской порт из которого морем можно попасть в Ялту, Новороссийск, Сочи, Геленджик.  ','2010-05-03 21:01:44',1,0,0,'Поддержка сайта.',6,0,'Анапа находится на федеральной дороге, соединяющей Керченский пролив и Сочи. Город-курорт имеет свой международный аэропорт...',0),
  (7,'О WEB-проекте','Наш портал создан для нескольких оправданных как для отдыхающих так и для арендодателей целей: создание реального представления о ценах на товары и услуги в курортной Анапе, прозрачный обзор качества услуг, оптимальный подбор вариантов проживания во всех категориях объектов, что хорошо как для всех отдыхающих, так и для пустующего недорогого жилья.','2010-05-03 21:12:07',1,0,0,'Поддержка сайта.',5,0,'Наш портал создан для нескольких оправданных как для отдыхающих так и для арендодателей целей...',0),
  (8,'Клубы Анапы','<p><img align=\"left\" src=\"images/entertainm/clubs/cl_4.jpg\" style=\"padding:10px;margin:10px;\"/><span style=\"padding:10px;\">Отдохнуть в клубном стиле в Анапе есть где. Клубы Open-Air и \r\n\r\nзакрытые ориентированы в первую очередь на приезжих, проводятся различные развлекательные программы с остреньким и диджеями \r\n\r\n\"кубанского разлива\" и из других регионов, но тоже нередко. Естественно встречаются и знаменитости, которым хочется не сидеть в \r\n\r\nсвоей гостинице, а оторваться вместе с народом, заодно и показать себя.</span></p><p style=\"padding:10px;\"> В центре Анапы расположены: клуб Sabotage \r\n\r\n(закрытое помещение, face-контроль на уровне, 1  танцпол, 2 уровня, 3 бара, размеры небольшие,\r\n\r\nвнимание всех посетителей сориентировано в центр, где все и происходит, самих посетителей или мало или очень много, программы интересные, много \r\n\r\n\"секси\"-оттенка и бывает достаточно горячо еще и из-за относительной компактности клуба), новый клуб-кафе Maby на главной \r\n\r\nнабережной (звук бешеный, насыщенная DJ-программа, есть кафе снаружи, танцпол большой), Open-Air клуб \"Пират\" (район Центральной \r\n\r\nнабережной около ул. Гребенской, легкая поп-DJ-программа, пенное шоу), Open-Air \"Дублин\" (нижний уровень центральной \r\n\r\nнабережной), диско-клуб DANCY (около морпорта, видно по лучам стратоскопа, бъющим в небо, легкая поп-DJ-программа, пенное шоу), \r\n\r\nкафе клубного типа пещера Элис (Пионерский проспект, центр Джемете), развлекательный центр Пепелац (боулинг, 2 этажа, \r\n\r\nDJ-программа), клуб Субмарина ул. Шевченко (боулинг, бильярд, несколько танцполов но развлекательные программы не всегда), и \r\n\r\nпроч. заведения с клубным вкусом.</p> ','0000-00-00 00:00:00',1,0,-1,'Поддержка сайта',7,0,'Отдохнуть в клубном стиле в Анапе есть где. Клубы Open-Air и закрытые ориентированы в первую очередь на приезжих...',0),
  (10,'Аэропорт города-курорта Анапа.','<h2>Аэропорт города-курорта Анапа (Краснодарский край).</h2>\r\n\r\n<p style=\"padding:10px;\">\r\nРасположен в 5 км северо-восточнее железнодорожной станции Анапа, в 4 км \r\n\r\nвосточнее села Витязево. Аэропорт обслуживает город-курорт Анапа, города Новороссийск и Темрюк с общим постоянным населением более 400 тыс.чел. Крупный узел авиалиний на юге России. Аэропорт входит в 20 ведущих аэропортов Российской Федерации и занимает 5 место по темпам роста пассажиропотока. Он отмечен главной всероссийской премией «Российский национальный олимп» за вклад в историческое развитие РФ в номинации «Выдающиеся предприятия среднего и малого бизнеса».</p>\r\n\r\n<h3>В аэропорту работают следующие авиакомпании:</h3>\r\n\r\n<p style=\"padding:10px;\">\r\nАэрофлот (Москва-Шереметьево), Нордавиа (Архангельск, Москва-Шереметьево, Мурманск, Сыктывкар), Алроса (авиакомпания) \r\n\r\n(Москва-Внуково, Мирный, Полярный), Атлант-Союз (Красноярск), Газпромавиа (Москва-Внуково, Белоярский, Надым, Советский, Уфа), \r\n\r\nКогалымавиа (Нижневартовск, Сургут), Кубанские авиалинии (Москва-Внуково, Пермь, Челябинск), Кавминводыавиа (Москва-Внуково, \r\n\r\nБарнаул, Благовещенск, Иркутск, Новокузнецк, Новосибирск, Норильск, Омск, Сочи, Томск), Оренбургские авиалинии (Оренбург, \r\n\r\nСамара), Россия (авиакомпания) (Санкт-Петербург-Пулково), S7 (Москва-Домодедово, Краснодар, Новосибирск), Татарстан \r\n\r\n(авиакомпания) (Казань), Уральские авиалинии (Екатеринбург), ЮТэйр (Москва-Внуково, Санкт-Петербург-Пулково, Нижневартовск, \r\n\r\nНоябрьск, Сургут, Тюмень, Уфа), Трансаэро (Москва-Домодедово), Якутия (авиакомпания) (Красноярск, Омск, Якутск), Ямал \r\n\r\n(авиакомпания) (Тюмень, Уфа), Ижавиа (Ижевск, Нижнекамск), Костромское авиапредприятие (Воронеж, Кострома, Липецк), Глобус \r\n\r\n(Москва-Домодедово), Регион-Авиа (Курск), Заполярье (авиакомпания) (Норильск).</p>\r\n\r\n<p style=\"padding:10px;\">\r\nОфициальный сайт <a href=\"http://www.anapa-airport.ru/\" target=\"_blank\">Аэропорт города-курорта Анапа</a></p>','0000-00-00 00:00:00',1,0,-1,'Поддержка сайта',6,0,NULL,0),
  (11,'Морской порт Анапы','<p style=\"padding:10px;\"><img src=\"images/transp/mpanapa.jpg\" style=\"padding:10px;margin:10px;\"/>Морской порт Анапа, как \r\n\r\nподразделение ООО «Черноморские скоростные линии» с момента получения статуса как международного порта распоряжением Совета \r\n\r\nминистров Правительства Российской федерации от 11 .октября 1993 г., за № 1811-р, для международного грузового и пассажирского \r\n\r\nсообщения, занимается пассажирскими перевозками и перевалкой экспортных и импортных грузов. Для работы порта Анапа, как \r\n\r\nгрузового, существуют все необходимые государственные службы, которые чётко взаимодействуют при выполнении своих функций. На \r\n\r\nвремя проведения грузовых операций с импортными и экспортными грузами в порту создаётся Временная зона таможенного контроля для \r\n\r\nприбывающих или убывающих транспортных средств. Морской порт Анапа может переработать до 30 000 тонн в год неопасных грузов и \r\n\r\nобрабатывать грузовые суда длинной до 100 м и осадкой до 3.5м. В последнее время порт специализировался в основном на перевалке \r\n\r\nна экспорт навалочных зерновых грузов с судовой партией до 3-х тысяч тонн, для этого имеются три пневмоустановки «Нейеро». В \r\n\r\nлетнее время порт осуществляет таможенное оформление на приход или отход маломерных судов следующих за границу или из-за \r\n\r\nграницы. Существуют временные ограничения по перевалке экспортных и импортных грузов, а именно с 1 мая и по 31 октября. В этот \r\n\r\nпериод порт занимается только пассажироперевоз-ками на пассажирских судах порта, а с 1 октября по 30 апреля - период грузовых \r\n\r\nработ.</p>\r\n<p style=\"padding:10px;\">Возобновлено движение скоростных судов на подводных крыльях на линии Анапа-Новороссийск-Геленджик-Сочи. \r\n\r\nКомпания ООО «Черноморские Скоростные линии»понимая социальную востребованность этой линии, фактически зная о финансовых \r\n\r\nпотериях связанных  с наработкой новой линии и восстановлением инфраструктуры обслуживания, приобрели и подготовили к \r\n\r\nэксплуатации два судна на подводных крыльях.</p>','0000-00-00 00:00:00',0,0,-1,'Не указан',6,0,NULL,0),
  (12,'Экскурсии города-курорта Анапа','<table cellpadding=\"5\" cellspacing=\"5\" border=\"0\" width=\"100%\">\r\n\t\t\t\t<tr>\r\n\t\t\t\t\t\t  <td class=\"content\" valign=\"top\" width=\"100%\"><P align=center><B><U>Абрау-Дюрсо</U> </B></P>\r\n<P align=justify>В окрестностях города Новороссийска (в 50 км от Анапы) расположено сказочное место, где величие гор, поросших реликтовыми лесами, сочетается с несказанной красотой горного озера Абрау, которое вызывает восторг у всех, кто впервые видит его. Это самое большое озеро северо-западного Кавказа (его площадь 160 га). </P>\r\n<P align=justify>У самого озера расположено винодельческое хозяйство \"Абрау-Дюрсо\", созданное в октябре 1870 года по указу императора Александра II. </P>\r\n<P align=justify>На дегустации вы услышите увлекательный рассказ об истории виноделия в Абрау-Дюрсо, о классификации и свойствах вин. В дегустационном зале вам предложат попробовать 5 сортов вин по 60 граммов каждого. Вам расскажут, как отличить настоящее шампанское Абрау-Дюрсо от подделки. Вы сможете приобрести бутылку вина понравившейся марки. В дегустационном зале могут разместиться одновременно 30 человек.</P>\r\n<P align=center><B><U>Дегустационный зал &nbsp;«Вина Тамани»</U></B></P>\r\n<P align=justify>Вас ждет увлекательный рассказ дипломированного винодела о технологии создания и правилах употребления таманских вин. Лекция длится 30-40 минут. Вам предложат 6 видов вин по 40 граммов и печенье. Группы от 5 до 60 человек.</P>\r\n<HR align=center width=\"100%\" SIZE=1>\r\n<P align=center><B><U>Водопады</U></B></P>\r\n<P align=justify>Поездка в район Геленджика (110 км). Горные речки Тешебс и Жанэ с их живописными водопадами и удобными каменными углублениями для купания привлекают сюда ежегодно множество людей. Вы увидите загадочные каменные сооружения времен египетских пирамид - дольмены. Каскад Бигусских водопадов.</P>\r\n<HR align=center width=\"100%\" SIZE=1>\r\n<P align=center><B><U>Прогулки на лошадях в долине Сукко</U></B></P>\r\n<P align=justify>Часовая прогулка верхом на лошади (5-6 км) вокруг озера Сукко, посреди которого растут уникальные деревья - болотные кипарисы. Экскурсия расчитана на полдня.</P>\r\n<HR align=center width=\"100%\" SIZE=1>\r\n<P align=center>\r\n<BR><B><U>В гостях у дельфинов </U></B></P>\r\n<P align=justify>Все, кто ездит на отдых с детьми стараются побывать на экскурсии в Дельфинарии. В этой экскурсии Вы познакомитесь с удивительным по красоте полуостровом, увидите шоу с участием дельфинов, сфотографируетесь рядом с ними, преобретете сувениры на память об этом незабываемом месте.</P>\r\n<P align=justify>Вы можете добраться до дельфинария на автобусе с экскурсоводом по живописной дороге через долину Сукко за 15-20 минут или на теплоходе вдоль берега моря за 30-40 минут. В представлении принимают участие дельфины, сивучи и морские котики.</P>\r\n<P align=center><B><U>Вина Анапы - винзавод им. Ленина \r\n<BR></P></U></B>\r\n<P>\r\n<P align=justify>Отличительной особенностью этой экскурсии является то, что кроме обычной для подобных экскурсий дегустации, Вы сможете увидить сам процесс производства божественного напитка. Кроме того Вы сможете узнать кое-что о самих винах, как правильно пить вино. </P>\r\n<P align=center><B><U>Анапа – курорт</U></B></P>\r\n<P align=justify>Вам интересно когда образовалась Анапа? Или когда она стала курортным городом? А что было на месте Анапы раньше? Тогда Вы должны зайти на страницу <A href=\"http://www.onkirov.ru/?p=2\">история Анапы</A> или съездить на эту экскурсию. Вы также побываете на музее под открытом небом древнего города \"Горгиппия\", увидите Анапу с высоты птичьего полета и многое другое. </P>\r\n<P align=center><B><U>Анапский аквапарк</U></B></P>\r\n<P align=justify>Новая достопримечательность Анапы. Впечатлений - на год вперед, до следующего года. Вы прокатитесь по невероятному лабиринту водных горок и плюхнитесь прямо в бассейн. Сможете попить пивка, а вечером в аквапарке - дискотека! (молодые люди - чувствуете к чему мы клоним?) \r\n<BR></P><B><U></U></B>\r\n<P align=center><B><U>Тамань. Историческая экскурсия</U></B>.</P>\r\n<P align=justify>Тамань - уникальное место соединения двух морей - Черного и Азовского и благодаря этому этот уголок таит в себе много интересного. Из экскурсии Вы узнаете о заселении полуострова Греками и основании ими колоний, о сказачной стране Лукоморье. Экскурсовод расскажет Вам о тмутараканском княжестве. Вы побываете на раскопках древних городов Фанагории и Гермонассы, узнаете о пребывании Суворова на Тамани. \r\n<BR>\r\n<BR></P>\r\n<P align=center><B><U>Грязевые вулканы</U></B></P>\r\n<P align=justify>На таманском полуострове существуют более 50 уснувших и действующих грязевых вулканов, на одном из которых Вы побываете. Из кратера вулканов выходит чудное лекарство - лечебная грязь, небольшое количество которой Вы сможете взять с собой. Вам разрешат спуститься в кратер одного из вулканов, искупаться в Азовском море и испробовать грязевые процедуры.</P>\r\n<P align=center>\r\n<BR>\r\n<BR><B><U>Конные прогулки (Долина Сукко)</U></B></P>\r\n<P align=justify>Это прогулка - для романтиков. После небольшого инструктажа Вы будете готовы самостоятельно совершить небольшое путешествие на лошади. Вы никогда не ездили на лошади? Не беспокойтесь! Вас научат опытные инструкторы, под руководством которых Вы совершите увлекайнейшую прогулку. Целый час Вы будете кататься на по живописнейшим местам Долины Сукко, по берегу лесного озера. \r\n<BR>\r\n<BR></P>\r\n<P align=center><B><U>Водопады </U></B></P><B><U>\r\n<P align=justify>\r\n<BR></U></B>Одна из наиболее распространенных экскурсий. Но не хотелось бы обманывать Вас словом \"водопады\" потомучто это не совсем так, правильнее это назвать каскады реки Жане, чтобы Вы не разочаровались. Маршрут экскурсии пролегает вдоль первых хребтов Кавказских гор. Огибая, Цемескую (Новороссийскую) и Геленджикскую бухты, до отрогов Главного хребта Большого Кавказа, к устью реки Жанэ. Ближе к концу Вашего путешествия можно искупаться в некоторых из \"водопадов\" и посидеть в уютненьком ресторанчике. \r\n<BR>\r\n<BR></P>\r\n<P align=center><B><U>Популярные экскурсионные маршруты</U></B></P>\r\n<UL>\r\n<LI><B>ВОДОПАДЫ РЕКИ&nbsp; ЖА</B>НЭ - пешеходная с купанием (каскад водопадов, дольмены). \r\n<LI><B>АЗОВСКОЕ МОРЕ</B>- купание в кратере вулкана и Азовском море (1,5/5 часов). \r\n<LI><B>АБРАУ-ДЮРСО</B>- дегустационный зал, купание на озере. \r\n<LI><B>НОВОРОССИЙСК,</B>обзорная - мемориальный комплекс \"Малая Земля\", Площадь Героев, морской вокзал. \r\n<LI><B>УТРИШСКИЙ ДЕЛЬФИНАРИЙ</B>- выступление морских котиков и дельфинов. \r\n<LI><B>ЛОТОСЫ</B>- экскурсия по дубовому рынку, катание на катере, купание, казацкая уха. \r\n<LI><B>НЕБУГ, АКВАПАРК.</B> \r\n<LI><B>НОВОРОССИЙСК, АКВАПАРК</B>. \r\n<LI><B>ПЕЩЕРЫ </B>- большая Азишская пещера, Даховское ущелье, каньон реки Белой, водопады, г. Майкоп. \r\n<LI><B>СОЧИ-</B>с посещением парка \"Ривьера\", дендрария, мацесты, обезьянника в г. Адлер. \r\n<LI><B>ГЕЛЕНДЖИК-Джанхот</B>,&nbsp; музей Короленко. \r\n<LI><B>«ВИНА АНАПЫ»</B>- совхоз им. Ленина, дегустация вин, обзорная по пути следования. \r\n<LI><B>ТАМАНЬ</B>Лермонтовская. Далекая Тмутаракань. \r\n<LI><B>ПАСЕКА</B>- дегустация и продажа меда, медового напитка. \r\n<LI><B>КОННЫЕ ПРОГУЛКИ</B>- долина Сукко или поселок Гостагай. \r\n<LI><B>ДОРОГАМИ СТАРЫХ ФЛИБУСТЬЕРОВ</B>- подводное погружение с инструктором 1,5 часа. \r\n<LI><B>Большой УТРИШ</B>- путешествие по каньону, можжевеловые леса. \r\n<LI><B>ТАМАНЬ</B>- путешествие на лодках, рыбная ловля, уха. \r\n<LI><B>«ТАЙНЫ СТАРЦА ФЕОДОСИЯ» </B>- поселки Неберджай, п. Горный,. Святые места паломничества. \r\n<LI><B>ТЕМРЮК-</B>город рыбаков на Азовском море. Рыбный рынок. Дегустация вин Тамани \r\n<LI><B>ВУЛКАН ШУГО</B>- вулканическая лечебная грязь. \r\n<LI><B>ДОЛЬМЕНЫ, БИГИУЗСКИЕ ВОДОПАДЫ</B>– поселки Apxuno-Осиповка, Пшада. </LI>\r\n</UL></td>\r\n\t\t  <td width=\"140\" valign=\"top\" align=\"center\"><img src=\"images/dance_girl_small/dance_girl_small_1.jpg\" width=\"140\" height=\"183\">\r\n\t</td>\r\n\t\t\t\t</tr>\r\n\t\t\t\t\t\t</table>','0000-00-00 00:00:00',1,0,-1,'Поддержка сайта',7,0,'Экскурсии города-курорта Анапа',0);
COMMIT;

#
# Data for the `clicks` table  (LIMIT -4,500)
#

INSERT INTO `clicks` (`CLICK_ID`, `ISENTER`, `ISHOTEL`, `IP`, `HOTEL_ID`, `COMMENT`, `STATE`, `ADDDT`) VALUES 
  (6,1,0,'95.153.163.113',-1,'LoadingMainPage','Tue May 18 16:35:03 2010','2010-05-18 [18:37:59]'),
  (7,1,0,'95.153.163.113',-1,'Main page is loaded.','Tue May 18 16:35:07 2010','2010-05-18 [18:38:08]'),
  (8,0,1,'95.153.163.113',52,'Best proposals','Tue May 18 16:35:21 2010','2010-05-18 [18:38:17]'),
  (9,1,0,'95.153.183.10',-1,'LoadingMainPage','Tue May 18 20:09:25 2010','2010-05-18 [22:11:46]'),
  (10,1,0,'95.153.183.10',-1,'Main page is loaded.','Tue May 18 20:09:29 2010','2010-05-18 [22:11:52]'),
  (11,1,0,'178.34.144.54',-1,'LoadingMainPage','Wed May 19 2010 01:20:28 GMT 0400','2010-05-19 [03:23:34]'),
  (12,1,0,'178.34.144.54',-1,'Main page is loaded.','Wed May 19 2010 01:20:29 GMT 0400','2010-05-19 [03:23:35]'),
  (13,0,1,'178.34.144.54',52,'Best proposals','Wed May 19 2010 01:20:48 GMT 0400','2010-05-19 [03:23:54]'),
  (14,0,1,'178.34.144.54',45,'Rating proposals','Wed May 19 2010 01:20:56 GMT 0400','2010-05-19 [03:24:01]'),
  (15,0,1,'178.34.144.54',47,'Search click','Wed May 19 2010 01:21:10 GMT 0400','2010-05-19 [03:24:16]'),
  (16,1,0,'95.153.168.27',-1,'LoadingMainPage','Wed May 19 10:23:58 2010','2010-05-19 [12:26:53]'),
  (17,1,0,'95.153.168.27',-1,'Main page is loaded.','Wed May 19 10:24:17 2010','2010-05-19 [12:27:26]'),
  (18,1,0,'95.153.168.27',-1,'LoadingMainPage','Wed May 19 11:26:31 2010','2010-05-19 [13:29:27]'),
  (19,1,0,'95.153.168.27',-1,'Main page is loaded.','Wed May 19 11:26:54 2010','2010-05-19 [13:29:55]'),
  (20,1,0,'95.153.168.27',-1,'LoadingMainPage','Wed May 19 11:28:25 2010','2010-05-19 [13:31:20]'),
  (21,1,0,'95.153.168.27',-1,'Main page is loaded.','Wed May 19 11:28:48 2010','2010-05-19 [13:31:57]'),
  (22,1,0,'178.34.32.67',-1,'LoadingMainPage','Wed May 19 14:43:23 2010','2010-05-19 [16:46:25]'),
  (23,1,0,'178.34.32.67',-1,'Main page is loaded.','Wed May 19 14:43:26 2010','2010-05-19 [16:46:28]'),
  (24,0,1,'178.34.32.67',54,'Rating proposals','Wed May 19 14:47:53 2010','2010-05-19 [16:50:55]'),
  (25,0,1,'178.34.32.67',54,'Rating proposals','Wed May 19 14:47:59 2010','2010-05-19 [16:51:00]'),
  (26,1,0,'92.100.126.47',-1,'LoadingMainPage','Wed May 19 2010 15:29:14 GMT 0400','2010-05-19 [17:32:14]'),
  (27,1,0,'92.100.126.47',-1,'Main page is loaded.','Wed May 19 2010 15:29:15 GMT 0400','2010-05-19 [17:32:15]'),
  (28,1,0,'178.34.47.230',-1,'LoadingMainPage','Thu Jan 04 2001 23:25:58 GMT 0300','2010-05-19 [20:21:02]'),
  (29,1,0,'178.34.47.230',-1,'Main page is loaded.','Thu Jan 04 2001 23:25:58 GMT 0300','2010-05-19 [20:21:03]'),
  (30,0,1,'178.34.47.230',51,'Best proposals','Thu Jan 04 2001 23:27:21 GMT 0300','2010-05-19 [20:22:26]'),
  (31,0,1,'178.34.47.230',55,'Best proposals','Thu Jan 04 2001 23:27:35 GMT 0300','2010-05-19 [20:22:39]'),
  (32,0,1,'178.34.47.230',42,'Best proposals','Thu Jan 04 2001 23:28:13 GMT 0300','2010-05-19 [20:23:17]'),
  (33,0,1,'178.34.47.230',43,'Best proposals','Thu Jan 04 2001 23:28:19 GMT 0300','2010-05-19 [20:23:24]'),
  (34,0,1,'178.34.47.230',7,'Blog from main params','Thu Jan 04 2001 23:47:40 GMT 0300','2010-05-19 [20:42:45]'),
  (35,1,0,'178.34.47.230',-1,'LoadingMainPage','Thu Jan 04 2001 23:47:40 GMT 0300','2010-05-19 [20:42:45]'),
  (36,0,1,'178.34.47.230',1,'Blog from main params','Thu Jan 04 2001 23:48:15 GMT 0300','2010-05-19 [20:43:20]'),
  (37,1,0,'178.34.47.230',-1,'LoadingMainPage','Thu Jan 04 2001 23:48:15 GMT 0300','2010-05-19 [20:43:20]'),
  (38,1,0,'178.34.47.230',-1,'LoadingMainPage','Fri Jan 05 2001 03:08:18 GMT 0300','2010-05-20 [00:03:23]'),
  (39,1,0,'178.34.47.230',-1,'Main page is loaded.','Fri Jan 05 2001 03:08:18 GMT 0300','2010-05-20 [00:03:23]'),
  (40,1,0,'178.34.47.230',-1,'LoadingMainPage','Fri Jan 05 2001 03:13:18 GMT 0300','2010-05-20 [00:08:23]'),
  (41,0,1,'178.34.47.230',1,'Blog from main params','Fri Jan 05 2001 03:13:18 GMT 0300','2010-05-20 [00:08:23]'),
  (42,0,1,'178.34.47.230',7,'Blog from main params','Fri Jan 05 2001 03:13:26 GMT 0300','2010-05-20 [00:08:31]'),
  (43,1,0,'178.34.47.230',-1,'LoadingMainPage','Fri Jan 05 2001 03:13:25 GMT 0300','2010-05-20 [00:08:31]'),
  (44,1,0,'178.34.47.230',-1,'LoadingMainPage','Fri Jan 05 2001 03:56:24 GMT 0300','2010-05-20 [00:51:29]'),
  (45,1,0,'178.34.47.230',-1,'Main page is loaded.','Fri Jan 05 2001 03:56:24 GMT 0300','2010-05-20 [00:51:29]'),
  (46,1,0,'83.239.17.206',-1,'LoadingMainPage','Fri May 21 16:33:59 2010','2010-05-21 [18:36:54]'),
  (47,1,0,'83.239.17.206',-1,'Main page is loaded.','Fri May 21 16:34:01 2010','2010-05-21 [18:36:56]'),
  (48,1,0,'178.34.131.219',-1,'LoadingMainPage','Fri May 21 22:12:52 2010','2010-05-22 [00:15:47]'),
  (49,1,0,'178.34.131.219',-1,'Main page is loaded.','Fri May 21 22:12:53 2010','2010-05-22 [00:15:51]'),
  (50,1,0,'178.34.131.219',-1,'Fireshow','Fri May 21 22:13:12 2010','2010-05-22 [00:16:07]'),
  (51,0,1,'178.34.131.219',55,'Best proposals','Fri May 21 22:13:55 2010','2010-05-22 [00:16:50]'),
  (52,0,1,'178.34.131.219',54,'Search click','Fri May 21 22:14:24 2010','2010-05-22 [00:17:20]'),
  (53,1,0,'95.153.168.97',-1,'LoadingMainPage','Wed May 26 00:19:06 2010','2010-05-26 [02:21:25]'),
  (54,1,0,'95.153.168.97',-1,'Main page is loaded.','Wed May 26 00:19:14 2010','2010-05-26 [02:21:36]'),
  (55,0,1,'95.153.168.97',47,'Best proposals','Wed May 26 00:20:39 2010','2010-05-26 [02:22:57]'),
  (56,0,1,'95.153.168.97',57,'Search click','Wed May 26 00:20:52 2010','2010-05-26 [02:23:11]'),
  (57,0,1,'95.153.168.97',54,'Search click','Wed May 26 00:23:48 2010','2010-05-26 [02:26:08]'),
  (58,1,0,'95.153.168.97',-1,'LoadingMainPage','Wed May 26 00:24:09 2010','2010-05-26 [02:26:27]'),
  (59,1,0,'95.153.168.97',-1,'Main page is loaded.','Wed May 26 00:24:09 2010','2010-05-26 [02:26:31]'),
  (60,1,0,'95.153.168.97',-1,'LoadingMainPage','Wed May 26 00:24:28 2010','2010-05-26 [02:26:46]'),
  (61,1,0,'95.153.168.97',-1,'Main page is loaded.','Wed May 26 00:24:28 2010','2010-05-26 [02:26:47]'),
  (62,1,0,'95.153.179.9',-1,'LoadingMainPage','Wed May 26 08:53:29 2010','2010-05-26 [10:56:39]'),
  (63,1,0,'95.153.179.9',-1,'Main page is loaded.','Wed May 26 08:53:34 2010','2010-05-26 [10:56:45]'),
  (64,1,0,'95.153.179.9',-1,'LoadingMainPage','Wed May 26 08:54:11 2010','2010-05-26 [10:57:20]'),
  (65,1,0,'95.153.179.9',-1,'Main page is loaded.','Wed May 26 08:54:11 2010','2010-05-26 [10:57:21]'),
  (66,1,0,'95.153.179.9',-1,'LoadingMainPage','Wed May 26 08:56:04 2010','2010-05-26 [10:59:14]'),
  (67,1,0,'95.153.179.9',-1,'Main page is loaded.','Wed May 26 08:56:04 2010','2010-05-26 [10:59:15]'),
  (68,1,0,'95.153.179.9',-1,'LoadingMainPage','Wed May 26 08:56:33 2010','2010-05-26 [10:59:43]'),
  (69,1,0,'95.153.179.9',-1,'Main page is loaded.','Wed May 26 08:56:33 2010','2010-05-26 [10:59:43]'),
  (70,1,0,'90.150.142.247',-1,'LoadingMainPage','Sat May 29 2010 08:12:19 GMT 0600','2010-05-29 [08:15:31]'),
  (71,1,0,'90.150.142.247',-1,'Main page is loaded.','Sat May 29 2010 08:12:20 GMT 0600','2010-05-29 [08:15:32]'),
  (72,1,0,'95.153.177.109',-1,'LoadingMainPage','Tue Jun 01 20:35:27 2010','2010-06-01 [22:37:41]'),
  (73,1,0,'95.153.177.109',-1,'Main page is loaded.','Tue Jun 01 20:35:33 2010','2010-06-01 [22:37:51]'),
  (74,1,0,'95.153.177.109',-1,'LoadingMainPage','Tue Jun 01 20:38:02 2010','2010-06-01 [22:40:16]'),
  (75,1,0,'95.153.177.109',-1,'Main page is loaded.','Tue Jun 01 20:38:07 2010','2010-06-01 [22:40:24]'),
  (76,1,0,'80блицы `TREATMENT`.',-1,'LoadingMainPage','Wed Jun 02 2010 18:31:07 GMT 0400','2010-06-02 [20:34:22]'),
  (77,1,0,'80.240.246.112',-1,'Main page is loaded.','Wed Jun 02 2010 18:31:07 GMT 0400','2010-06-02 [20:34:23]'),
  (78,1,0,'80.240.246.112',-1,'LoadingMainPage','Wed Jun 02 2010 18:36:44 GMT 0400','2010-06-02 [20:39:59]'),
  (79,1,0,'80.240.246.112',-1,'Main page is loaded.','Wed Jun 02 2010 18:36:44 GMT 0400','2010-06-02 [20:39:59]'),
  (80,0,1,'80.240.246.112',45,'Search click','Wed Jun 02 2010 18:37:39 GMT 0400','2010-06-02 [20:40:54]'),
  (81,0,1,'80.240.246.112',47,'Best proposals','Wed Jun 02 2010 18:38:28 GMT 0400','2010-06-02 [20:41:43]'),
  (82,0,1,'80.240.246.112',47,'Best proposals','Wed Jun 02 2010 18:38:46 GMT 0400','2010-06-02 [20:42:01]'),
  (83,0,1,'80.240.246.112',52,'Best proposals','Wed Jun 02 2010 18:38:48 GMT 0400','2010-06-02 [20:42:03]'),
  (84,0,1,'80.240.246.112',48,'Best proposals','Wed Jun 02 2010 18:39:39 GMT 0400','2010-06-02 [20:42:54]'),
  (85,0,1,'80.240.246.112',42,'Search click','Wed Jun 02 2010 18:40:02 GMT 0400','2010-06-02 [20:43:16]'),
  (86,0,1,'80.240.246.112',56,'Best proposals','Wed Jun 02 2010 18:40:33 GMT 0400','2010-06-02 [20:43:48]'),
  (87,0,1,'80.240.246.112',48,'Best proposals','Wed Jun 02 2010 18:40:53 GMT 0400','2010-06-02 [20:44:07]'),
  (88,0,1,'80.240.246.112',54,'Search click','Wed Jun 02 2010 18:41:14 GMT 0400','2010-06-02 [20:44:28]'),
  (89,1,0,'178.34.13.123',-1,'LoadingMainPage','Sun Jun 06 2010 01:06:40 GMT 0400','2010-06-06 [00:47:09]'),
  (90,1,0,'178.34.13.123',-1,'Main page is loaded.','Sun Jun 06 2010 01:06:41 GMT 0400','2010-06-06 [00:47:10]'),
  (91,1,0,'178.34.4.245',-1,'LoadingMainPage','Sun Jun 06 14:01:45 2010','2010-06-06 [16:05:08]'),
  (92,1,0,'178.34.4.245',-1,'Main page is loaded.','Sun Jun 06 14:01:47 2010','2010-06-06 [16:05:10]'),
  (93,1,0,'178.34.4.245',-1,'Fireshow','Sun Jun 06 14:02:26 2010','2010-06-06 [16:05:48]'),
  (94,1,0,'95.153.179.38',-1,'LoadingMainPage','Mon Jun 07 13:28:02 2010','2010-06-07 [15:27:13]'),
  (95,1,0,'95.153.179.38',-1,'Main page is loaded.','Mon Jun 07 13:28:18 2010','2010-06-07 [15:27:33]'),
  (96,1,0,'83.239.17.206',-1,'LoadingMainPage','Wed Jun 09 14:29:36 2010','2010-06-09 [16:33:02]'),
  (97,1,0,'83.239.17.206',-1,'Main page is loaded.','Wed Jun 09 14:29:37 2010','2010-06-09 [16:33:04]'),
  (98,1,0,'94.233.195.202',-1,'LoadingMainPage','Wed Jun 09 19:07:03 2010','2010-06-09 [21:10:30]'),
  (99,1,0,'94.233.195.202',-1,'Main page is loaded.','Wed Jun 09 19:07:04 2010','2010-06-09 [21:10:32]'),
  (100,1,0,'212.220.95.255',-1,'LoadingMainPage','Thu Jun 10 2010 08:03:53 GMT 0600','2010-06-10 [08:07:19]'),
  (101,1,0,'212.220.95.255',-1,'Main page is loaded.','Thu Jun 10 2010 08:03:54 GMT 0600','2010-06-10 [08:07:20]'),
  (102,1,0,'212.220.95.255',-1,'LoadingMainPage','Thu Jun 10 2010 08:04:52 GMT 0600','2010-06-10 [08:08:17]'),
  (103,1,0,'212.220.95.255',-1,'Main page is loaded.','Thu Jun 10 2010 08:04:52 GMT 0600','2010-06-10 [08:08:18]'),
  (104,0,1,'212.220.95.255',3,'Blog from main params','Thu Jun 10 2010 08:04:52 GMT 0600','2010-06-10 [08:08:18]'),
  (105,1,0,'178.34.100.0',-1,'LoadingMainPage','Thu Jun 10 23:09:02 2010','2010-06-11 [01:12:31]'),
  (106,1,0,'178.34.100.0',-1,'Main page is loaded.','Thu Jun 10 23:09:04 2010','2010-06-11 [01:12:33]'),
  (107,1,0,'178.34.106.73',-1,'LoadingMainPage','Fri Jun 11 2010 14:08:34 GMT 0400','2010-06-11 [16:12:02]'),
  (108,1,0,'178.34.106.73',-1,'Main page is loaded.','Fri Jun 11 2010 14:08:36 GMT 0400','2010-06-11 [16:12:06]'),
  (109,1,0,'95.153.168.83',-1,'LoadingMainPage','Fri Jun 11 23:02:18 2010','2010-06-12 [01:04:25]'),
  (110,1,0,'95.153.168.83',-1,'Main page is loaded.','Fri Jun 11 23:02:32 2010','2010-06-12 [01:04:42]'),
  (111,1,0,'95.153.177.15',-1,'LoadingMainPage','Sun Jun 13 20:13:47 2010','2010-06-13 [22:15:52]'),
  (112,1,0,'95.153.177.15',-1,'Main page is loaded.','Sun Jun 13 20:13:50 2010','2010-06-13 [22:15:56]'),
  (113,0,1,'95.153.177.15',56,'Best proposals','Sun Jun 13 20:15:00 2010','2010-06-13 [22:17:06]'),
  (114,1,0,'178.34.151.240',-1,'LoadingMainPage','Mon Jun 14 08:42:52 2010','2010-06-14 [10:46:28]'),
  (115,1,0,'178.34.151.240',-1,'Main page is loaded.','Mon Jun 14 08:43:02 2010','2010-06-14 [10:46:44]'),
  (116,1,0,'178.34.124.187',-1,'LoadingMainPage','Thu Jun 17 16:15:20 2010','2010-06-17 [18:18:59]'),
  (117,1,0,'178.34.124.187',-1,'Main page is loaded.','Thu Jun 17 16:15:21 2010','2010-06-17 [18:19:01]'),
  (118,1,0,'95.153.179.111',-1,'LoadingMainPage','Fri Jun 18 15:11:34 2010','2010-06-18 [17:15:04]'),
  (119,1,0,'95.153.179.111',-1,'Main page is loaded.','Fri Jun 18 15:11:37 2010','2010-06-18 [17:15:07]'),
  (120,1,0,'95.153.184.88',-1,'LoadingMainPage','Fri Jun 18 15:14:45 2010','2010-06-18 [17:18:14]'),
  (121,1,0,'95.153.184.88',-1,'Main page is loaded.','Fri Jun 18 15:14:47 2010','2010-06-18 [17:18:18]'),
  (122,1,0,'95.153.180.106',-1,'LoadingMainPage','Fri Jun 18 22:43:05 2010','2010-06-19 [00:45:14]'),
  (123,1,0,'95.153.180.106',-1,'Main page is loaded.','Fri Jun 18 22:43:11 2010','2010-06-19 [00:45:24]'),
  (124,1,0,'95.24.34.154',-1,'LoadingMainPage','Wed Jun 23 19:26:53 2010','2010-06-23 [21:29:55]'),
  (125,1,0,'95.24.34.154',-1,'Main page is loaded.','Wed Jun 23 19:26:54 2010','2010-06-23 [21:29:55]'),
  (126,1,0,'178.34.157.191',-1,'LoadingMainPage','Thu Jun 24 12:31:09 2010','2010-06-24 [14:34:52]'),
  (127,1,0,'178.34.157.191',-1,'Main page is loaded.','Thu Jun 24 12:31:10 2010','2010-06-24 [14:34:55]'),
  (128,1,0,'178.34.157.191',-1,'LoadingMainPage','Thu Jun 24 12:32:04 2010','2010-06-24 [14:35:46]'),
  (129,1,0,'178.34.157.191',-1,'Main page is loaded.','Thu Jun 24 12:32:05 2010','2010-06-24 [14:35:48]'),
  (130,1,0,'178.34.91.145',-1,'LoadingMainPage','Thu Jun 24 12:38:21 2010','2010-06-24 [14:42:04]'),
  (131,1,0,'178.34.91.145',-1,'Main page is loaded.','Thu Jun 24 12:38:22 2010','2010-06-24 [14:42:04]'),
  (132,1,0,'195.250.88.192',-1,'LoadingMainPage','Mon Jun 28 13:15:24 2010','2010-06-28 [15:19:02]'),
  (133,1,0,'195.250.88.192',-1,'Main page is loaded.','Mon Jun 28 13:15:25 2010','2010-06-28 [15:19:04]'),
  (134,1,0,'195.250.88.192',-1,'LoadingMainPage','Mon Jun 28 13:16:00 2010','2010-06-28 [15:19:38]'),
  (135,1,0,'195.250.88.192',-1,'Main page is loaded.','Mon Jun 28 13:16:00 2010','2010-06-28 [15:19:39]'),
  (136,1,0,'195.250.88.192',-1,'LoadingMainPage','Mon Jun 28 13:16:44 2010','2010-06-28 [15:20:23]'),
  (137,1,0,'195.250.88.192',-1,'Main page is loaded.','Mon Jun 28 13:16:46 2010','2010-06-28 [15:20:24]'),
  (138,1,0,'195.250.88.192',-1,'LoadingMainPage','Mon Jun 28 13:16:52 2010','2010-06-28 [15:20:30]'),
  (139,1,0,'195.250.88.192',-1,'Main page is loaded.','Mon Jun 28 13:16:54 2010','2010-06-28 [15:20:32]'),
  (140,1,0,'95.25.49.44',-1,'LoadingMainPage','Wed Jun 30 13:58:40 2010','2010-06-30 [16:02:34]'),
  (141,1,0,'95.153.164.32',-1,'LoadingMainPage','Thu Jul 01 18:32:11 2010','2010-07-01 [20:34:12]'),
  (142,1,0,'95.153.164.32',-1,'Main page is loaded.','Thu Jul 01 18:32:12 2010','2010-07-01 [20:34:14]'),
  (143,1,0,'95.153.182.54',-1,'LoadingMainPage','Sat Jul 03 11:40:36 2010','2010-07-03 [13:42:36]'),
  (144,1,0,'95.153.182.54',-1,'Main page is loaded.','Sat Jul 03 11:40:38 2010','2010-07-03 [13:42:38]'),
  (145,0,1,'95.153.182.54',52,'Best proposals','Sat Jul 03 11:46:21 2010','2010-07-03 [13:48:21]'),
  (146,1,0,'95.153.182.54',-1,'LoadingMainPage','Sat Jul 03 11:47:12 2010','2010-07-03 [13:49:11]'),
  (147,1,0,'95.153.182.54',-1,'Main page is loaded.','Sat Jul 03 11:47:17 2010','2010-07-03 [13:49:17]'),
  (148,1,0,'95.153.176.34',-1,'LoadingMainPage','Tue Jul 06 14:00:41 2010','2010-07-06 [16:02:37]'),
  (149,1,0,'95.153.176.34',-1,'Main page is loaded.','Tue Jul 06 14:00:45 2010','2010-07-06 [16:02:42]'),
  (150,0,1,'95.153.176.34',59,'Best proposals','Tue Jul 06 14:01:33 2010','2010-07-06 [16:03:30]'),
  (151,1,0,'95.153.161.2',-1,'LoadingMainPage','Tue Jul 06 19:46:28 2010','2010-07-06 [21:48:24]'),
  (152,1,0,'95.153.161.2',-1,'Main page is loaded.','Tue Jul 06 19:46:30 2010','2010-07-06 [21:48:26]'),
  (153,0,1,'95.153.161.2',58,'Search click','Tue Jul 06 19:47:06 2010','2010-07-06 [21:49:03]'),
  (154,0,1,'95.153.161.2',59,'Best proposals','Tue Jul 06 19:50:54 2010','2010-07-06 [21:52:52]'),
  (155,1,0,'89.204.108.91',-1,'LoadingMainPage','Fri Jun 25 2010 01:21:42 GMT 0600','2010-07-07 [23:56:36]'),
  (156,1,0,'89.204.108.91',-1,'Main page is loaded.','Fri Jun 25 2010 01:21:42 GMT 0600','2010-07-07 [23:56:37]'),
  (157,1,0,'89.204.108.91',-1,'Main page is loaded.','Fri Jun 25 2010 01:21:42 GMT 0600','2010-07-07 [23:56:37]'),
  (158,1,0,'178.34.100.0',-1,'LoadingMainPage','Thu Jul 08 18:36:09 2010','2010-07-08 [18:36:08]'),
  (159,1,0,'178.34.100.0',-1,'Main page is loaded.','Thu Jul 08 18:36:10 2010','2010-07-08 [18:36:10]'),
  (160,1,0,'178.34.139.195',-1,'LoadingMainPage','Thu Jul 08 2010 20:10:13 GMT 0400','2010-07-08 [20:10:16]'),
  (161,1,0,'178.34.139.195',-1,'Main page is loaded.','Thu Jul 08 2010 20:10:14 GMT 0400','2010-07-08 [20:10:16]'),
  (162,1,0,'95.153.181.38',-1,'LoadingMainPage','Fri Jul 09 21:16:25 2010','2010-07-09 [21:14:19]'),
  (163,1,0,'95.153.181.38',-1,'Main page is loaded.','Fri Jul 09 21:16:26 2010','2010-07-09 [21:14:20]'),
  (164,1,0,'94.233.195.61',-1,'LoadingMainPage','Sun Jul 11 00:28:24 2010','2010-07-11 [00:28:26]'),
  (165,1,0,'94.233.195.61',-1,'Main page is loaded.','Sun Jul 11 00:28:25 2010','2010-07-11 [00:28:27]'),
  (166,1,0,'94.233.195.61',-1,'LoadingMainPage','Sun Jul 11 00:28:43 2010','2010-07-11 [00:28:45]'),
  (167,1,0,'94.233.195.61',-1,'Main page is loaded.','Sun Jul 11 00:28:44 2010','2010-07-11 [00:28:46]'),
  (168,1,0,'94.233.219.182',-1,'LoadingMainPage','Wed Jul 21 20:06:29 2010','2010-07-21 [20:06:43]'),
  (169,1,0,'94.233.219.182',-1,'Main page is loaded.','Wed Jul 21 20:06:31 2010','2010-07-21 [20:06:46]'),
  (170,1,0,'94.233.219.182',-1,'LoadingMainPage','Wed Jul 21 20:07:58 2010','2010-07-21 [20:08:12]'),
  (171,1,0,'94.233.219.182',-1,'Main page is loaded.','Wed Jul 21 20:07:59 2010','2010-07-21 [20:08:13]'),
  (172,1,0,'94.233.219.182',-1,'LoadingMainPage','Wed Jul 21 20:10:23 2010','2010-07-21 [20:10:37]'),
  (173,1,0,'94.233.219.182',-1,'Main page is loaded.','Wed Jul 21 20:10:23 2010','2010-07-21 [20:10:37]'),
  (174,1,0,'95.153.163.90',-1,'LoadingMainPage','Thu Jul 22 2010 11:55:11 GMT 0400','2010-07-22 [11:54:50]'),
  (175,1,0,'95.153.163.90',-1,'Main page is loaded.','Thu Jul 22 2010 11:55:15 GMT 0400','2010-07-22 [11:54:56]'),
  (176,0,1,'95.153.163.90',61,'Best proposals','Thu Jul 22 2010 13:04:25 GMT 0400','2010-07-22 [13:04:18]'),
  (177,1,0,'95.153.163.90',-1,'LoadingMainPage','Thu Jul 22 2010 13:05:10 GMT 0400','2010-07-22 [13:04:50]'),
  (178,1,0,'95.153.163.90',-1,'LoadingMainPage','Thu Jul 22 2010 13:07:21 GMT 0400','2010-07-22 [13:07:00]'),
  (179,1,0,'178.34.157.158',-1,'LoadingMainPage','Thu Jul 22 17:04:55 2010','2010-07-22 [17:04:54]'),
  (180,1,0,'178.34.157.158',-1,'Main page is loaded.','Thu Jul 22 17:04:56 2010','2010-07-22 [17:04:55]'),
  (181,1,0,'95.153.183.97',-1,'LoadingMainPage','Fri Jul 23 11:52:22 2010','2010-07-23 [11:49:54]'),
  (182,1,0,'95.153.183.97',-1,'Main page is loaded.','Fri Jul 23 11:52:23 2010','2010-07-23 [11:49:56]'),
  (183,1,0,'95.153.183.97',-1,'LoadingMainPage','Fri Jul 23 12:36:43 2010','2010-07-23 [12:34:15]'),
  (184,1,0,'95.153.183.97',-1,'Main page is loaded.','Fri Jul 23 12:36:45 2010','2010-07-23 [12:34:17]'),
  (185,1,0,'95.153.183.97',-1,'Fireshow','Fri Jul 23 12:37:05 2010','2010-07-23 [12:34:38]'),
  (186,1,0,'95.153.183.51',-1,'LoadingMainPage','Fri Jul 23 2010 12:46:40 GMT 0400','2010-07-23 [12:46:17]'),
  (187,1,0,'95.153.183.51',-1,'Main page is loaded.','Fri Jul 23 2010 12:49:14 GMT 0400','2010-07-23 [12:48:54]'),
  (188,1,0,'95.153.183.51',-1,'LoadingMainPage','Fri Jul 23 2010 12:51:26 GMT 0400','2010-07-23 [12:51:02]'),
  (189,1,0,'95.153.183.51',-1,'Main page is loaded.','Fri Jul 23 2010 12:52:04 GMT 0400','2010-07-23 [12:51:41]'),
  (190,1,0,'93.80.217.4',-1,'LoadingMainPage','Sat Jul 24 13:24:56 2010','2010-07-24 [13:24:54]'),
  (191,1,0,'95.153.167.72',-1,'LoadingMainPage','Wed Jul 28 17:54:48 2010','2010-07-28 [17:52:13]'),
  (192,1,0,'95.153.167.72',-1,'Main page is loaded.','Wed Jul 28 17:54:49 2010','2010-07-28 [17:52:15]'),
  (193,1,0,'95.153.167.72',-1,'LoadingMainPage','Wed Jul 28 17:55:18 2010','2010-07-28 [17:52:43]'),
  (194,1,0,'95.153.167.72',-1,'Main page is loaded.','Wed Jul 28 17:55:18 2010','2010-07-28 [17:52:44]'),
  (195,1,0,'95.153.167.72',-1,'Childs anapa','Wed Jul 28 17:55:48 2010','2010-07-28 [17:53:13]'),
  (196,1,0,'95.153.167.72',-1,'Foto beach anapa','Wed Jul 28 17:56:09 2010','2010-07-28 [17:53:34]'),
  (197,0,1,'95.153.167.72',59,'Best proposals','Wed Jul 28 17:58:39 2010','2010-07-28 [17:56:05]'),
  (198,1,0,'95.153.167.72',-1,'LoadingMainPage','Wed Jul 28 19:57:49 2010','2010-07-28 [19:55:14]'),
  (199,1,0,'95.153.167.72',-1,'Main page is loaded.','Wed Jul 28 19:57:51 2010','2010-07-28 [19:55:16]'),
  (200,1,0,'85.175.27.229',-1,'LoadingMainPage','Wed Jul 28 23:25:44 2010','2010-07-28 [23:25:42]'),
  (201,1,0,'85.175.27.229',-1,'Main page is loaded.','Wed Jul 28 23:25:46 2010','2010-07-28 [23:25:48]'),
  (202,1,0,'95.26.140.48',-1,'LoadingMainPage','Thu Jul 29 06:08:31 2010','2010-07-29 [06:08:36]'),
  (203,1,0,'213.248.16.172',-1,'LoadingMainPage','Sun Aug 01 2010 20:42:47 GMT 0400','2010-08-01 [20:42:44]'),
  (204,1,0,'213.248.16.172',-1,'Main page is loaded.','Sun Aug 01 2010 20:42:48 GMT 0400','2010-08-01 [20:42:45]'),
  (205,0,1,'213.248.16.172',43,'Search click','Sun Aug 01 2010 20:44:51 GMT 0400','2010-08-01 [20:44:48]'),
  (206,1,0,'95.153.161.10',-1,'LoadingMainPage','Thu Aug 05 13:01:23 2010','2010-08-05 [12:58:35]'),
  (207,1,0,'95.153.161.10',-1,'Main page is loaded.','Thu Aug 05 13:01:24 2010','2010-08-05 [12:58:38]'),
  (208,1,0,'95.153.161.10',-1,'LoadingMainPage','Thu Aug 05 13:13:13 2010','2010-08-05 [13:10:25]'),
  (209,1,0,'95.153.161.10',-1,'Main page is loaded.','Thu Aug 05 13:13:16 2010','2010-08-05 [13:10:30]'),
  (210,1,0,'95.153.161.10',-1,'LoadingMainPage','Thu Aug 05 13:14:04 2010','2010-08-05 [13:11:16]'),
  (211,1,0,'95.153.161.10',-1,'Main page is loaded.','Thu Aug 05 13:14:04 2010','2010-08-05 [13:11:16]'),
  (212,1,0,'95.153.167.142',-1,'LoadingMainPage','Sun Aug 08 23:23:32 2010','2010-08-08 [23:23:30]'),
  (213,1,0,'95.153.167.142',-1,'Main page is loaded.','Sun Aug 08 23:23:34 2010','2010-08-08 [23:23:33]'),
  (214,1,0,'95.153.167.142',-1,'LoadingMainPage','Sun Aug 08 23:26:00 2010','2010-08-08 [23:25:58]'),
  (215,0,1,'95.153.167.142',51,'Hotel from main params','Sun Aug 08 23:26:00 2010','2010-08-08 [23:25:58]'),
  (216,1,0,'95.153.167.142',-1,'Main page is loaded.','Sun Aug 08 23:26:00 2010','2010-08-08 [23:25:58]'),
  (217,1,0,'95.153.167.142',-1,'LoadingMainPage','Sun Aug 08 23:26:48 2010','2010-08-08 [23:26:46]'),
  (218,1,0,'95.153.167.142',-1,'Main page is loaded.','Sun Aug 08 23:26:48 2010','2010-08-08 [23:26:46]'),
  (219,1,0,'95.153.167.142',-1,'LoadingMainPage','Sun Aug 08 23:27:20 2010','2010-08-08 [23:27:18]'),
  (220,1,0,'95.153.167.142',-1,'Main page is loaded.','Sun Aug 08 23:27:20 2010','2010-08-08 [23:27:18]'),
  (221,1,0,'95.153.167.142',-1,'LoadingMainPage','Sun Aug 08 23:27:49 2010','2010-08-08 [23:27:47]'),
  (222,1,0,'95.153.167.142',-1,'Main page is loaded.','Sun Aug 08 23:27:49 2010','2010-08-08 [23:27:48]'),
  (223,1,0,'95.153.167.142',-1,'LoadingMainPage','Sun Aug 08 23:29:21 2010','2010-08-08 [23:29:19]'),
  (224,0,1,'95.153.167.142',7,'Blog from main params','Sun Aug 08 23:29:21 2010','2010-08-08 [23:29:19]'),
  (225,1,0,'95.153.167.142',-1,'Main page is loaded.','Sun Aug 08 23:29:21 2010','2010-08-08 [23:29:20]'),
  (226,1,0,'178.34.4.91',-1,'LoadingMainPage','Sun Aug 15 2010 22:43:37 GMT 0400','2010-08-15 [22:43:36]'),
  (227,1,0,'178.34.4.91',-1,'Main page is loaded.','Sun Aug 15 2010 22:43:40 GMT 0400','2010-08-15 [22:43:39]'),
  (228,0,1,'178.34.4.91',61,'Best proposals','Sun Aug 15 2010 22:45:31 GMT 0400','2010-08-15 [22:45:29]'),
  (229,0,1,'178.34.4.91',59,'Best proposals','Sun Aug 15 2010 22:45:39 GMT 0400','2010-08-15 [22:45:38]'),
  (230,0,1,'178.34.4.91',52,'Best proposals','Sun Aug 15 2010 22:45:55 GMT 0400','2010-08-15 [22:45:54]'),
  (231,1,0,'178.34.47.215',-1,'LoadingMainPage','Tue Aug 17 2010 22:56:12 GMT 0400','2010-08-17 [22:56:13]'),
  (232,1,0,'178.34.47.215',-1,'Main page is loaded.','Tue Aug 17 2010 22:56:18 GMT 0400','2010-08-17 [22:56:19]'),
  (233,0,1,'178.34.47.215',52,'Best proposals','Tue Aug 17 2010 22:58:13 GMT 0400','2010-08-17 [22:58:13]'),
  (234,0,1,'178.34.47.215',61,'Best proposals','Tue Aug 17 2010 22:58:48 GMT 0400','2010-08-17 [22:58:48]'),
  (235,0,1,'178.34.47.215',45,'Rating proposals','Tue Aug 17 2010 23:07:26 GMT 0400','2010-08-17 [23:07:26]'),
  (236,0,1,'178.34.47.215',59,'Best proposals','Tue Aug 17 2010 23:08:28 GMT 0400','2010-08-17 [23:08:28]'),
  (237,1,0,'95.153.162.30',-1,'LoadingMainPage','Fri Aug 20 14:40:39 2010','2010-08-20 [14:40:23]'),
  (238,1,0,'95.153.162.30',-1,'Main page is loaded.','Fri Aug 20 14:40:41 2010','2010-08-20 [14:40:28]'),
  (239,1,0,'95.29.137.0',-1,'LoadingMainPage','Sat Aug 28 2010 16:05:57 GMT 0400','2010-08-28 [16:05:52]'),
  (240,1,0,'95.29.137.0',-1,'Main page is loaded.','Sat Aug 28 2010 16:05:57 GMT 0400','2010-08-28 [16:05:53]'),
  (241,1,0,'95.26.140.133',-1,'LoadingMainPage','Sun Aug 29 13:12:27 2010','2010-08-29 [13:12:19]'),
  (242,1,0,'95.153.183.42',-1,'LoadingMainPage','Tue Aug 31 14:12:22 2010','2010-08-31 [14:11:43]'),
  (243,1,0,'95.153.183.42',-1,'Main page is loaded.','Tue Aug 31 14:12:24 2010','2010-08-31 [14:11:47]'),
  (244,0,1,'95.153.183.42',59,'Best proposals','Tue Aug 31 14:12:56 2010','2010-08-31 [14:12:16]'),
  (245,1,0,'95.153.183.42',-1,'LoadingMainPage','Tue Aug 31 14:22:05 2010','2010-08-31 [14:21:25]'),
  (246,1,0,'95.153.183.42',-1,'Main page is loaded.','Tue Aug 31 14:22:07 2010','2010-08-31 [14:21:29]'),
  (247,1,0,'95.153.183.42',-1,'LoadingMainPage','Tue Aug 31 14:22:45 2010','2010-08-31 [14:22:04]'),
  (248,1,0,'95.153.183.42',-1,'Main page is loaded.','Tue Aug 31 14:22:45 2010','2010-08-31 [14:22:05]'),
  (249,1,0,'95.153.183.42',-1,'LoadingMainPage','Tue Aug 31 14:22:54 2010','2010-08-31 [14:22:13]'),
  (250,1,0,'95.153.183.42',-1,'Main page is loaded.','Tue Aug 31 14:22:54 2010','2010-08-31 [14:22:14]'),
  (251,1,0,'95.153.183.42',-1,'LoadingMainPage','Tue Aug 31 14:23:03 2010','2010-08-31 [14:22:22]'),
  (252,1,0,'95.153.183.42',-1,'Main page is loaded.','Tue Aug 31 14:23:03 2010','2010-08-31 [14:22:23]'),
  (253,1,0,'95.153.183.42',-1,'LoadingMainPage','Tue Aug 31 14:23:10 2010','2010-08-31 [14:22:30]'),
  (254,1,0,'95.153.183.42',-1,'Main page is loaded.','Tue Aug 31 14:23:10 2010','2010-08-31 [14:22:31]'),
  (255,1,0,'95.153.183.42',-1,'LoadingMainPage','Tue Aug 31 14:23:24 2010','2010-08-31 [14:22:44]'),
  (256,1,0,'95.153.183.42',-1,'Main page is loaded.','Tue Aug 31 14:23:25 2010','2010-08-31 [14:22:44]'),
  (257,0,1,'95.153.183.42',59,'Best proposals','Tue Aug 31 14:27:31 2010','2010-08-31 [14:26:51]'),
  (258,1,0,'91.79.16.239',-1,'LoadingMainPage','Sun Sep 05 22:41:51 2010','2010-09-05 [22:41:41]'),
  (259,1,0,'91.79.16.239',-1,'Main page is loaded.','Sun Sep 05 22:41:51 2010','2010-09-05 [22:41:42]'),
  (260,1,0,'91.79.16.239',-1,'LoadingMainPage','Sun Sep 05 22:46:20 2010','2010-09-05 [22:46:10]'),
  (261,1,0,'91.79.16.239',-1,'Main page is loaded.','Sun Sep 05 22:46:20 2010','2010-09-05 [22:46:11]'),
  (262,1,0,'89.178.204.241',-1,'LoadingMainPage','Sun Sep 19 12:02:04 2010','2010-09-19 [12:02:47]'),
  (263,1,0,'95.26.246.8',-1,'Main page is loaded.','Sun Sep 19 12:02:06 2010','2010-09-19 [12:02:49]'),
  (264,1,0,'89.178.108.135',-1,'Main page is loaded.','Sun Sep 19 20:39:09 2010','2010-09-19 [20:38:29]'),
  (265,1,0,'95.26.16.204',-1,'LoadingMainPage','Sun Sep 19 20:39:08 2010','2010-09-19 [20:38:31]'),
  (266,1,0,'89.178.240.10',-1,'LoadingMainPage','Mon Sep 20 12:57:09 2010','2010-09-20 [12:56:28]'),
  (267,1,0,'95.26.246.56',-1,'Main page is loaded.','Mon Sep 20 12:57:10 2010','2010-09-20 [12:56:29]'),
  (268,1,0,'89.178.240.198',-1,'LoadingMainPage','Tue Sep 21 01:15:40 2010','2010-09-21 [01:16:07]'),
  (269,1,0,'95.25.144.48',-1,'Main page is loaded.','Tue Sep 21 01:15:40 2010','2010-09-21 [01:16:08]'),
  (270,1,0,'85.175.124.77',-1,'LoadingMainPage','Mon Sep 27 02:06:04 2010','2010-09-27 [02:05:42]'),
  (271,1,0,'85.175.124.77',-1,'Main page is loaded.','Mon Sep 27 02:06:42 2010','2010-09-27 [02:06:25]'),
  (272,1,0,'95.153.165.99',-1,'LoadingMainPage','Mon Oct 11 2010 11:09:48 GMT 0400','2010-10-11 [11:08:34]'),
  (273,1,0,'85.198.101.179',-1,'LoadingMainPage','Wed Oct 13 2010 10:14:29 GMT 0400','2010-10-13 [10:15:53]'),
  (274,1,0,'85.198.101.179',-1,'Main page is loaded.','Wed Oct 13 2010 10:14:29 GMT 0400','2010-10-13 [10:15:54]'),
  (275,1,0,'85.198.101.179',-1,'LoadingMainPage','Wed Oct 13 2010 10:15:05 GMT 0400','2010-10-13 [10:16:29]'),
  (276,1,0,'85.198.101.179',-1,'Main page is loaded.','Wed Oct 13 2010 10:15:05 GMT 0400','2010-10-13 [10:16:30]'),
  (277,1,0,'85.198.101.179',-1,'LoadingMainPage','Wed Oct 13 2010 10:15:41 GMT 0400','2010-10-13 [10:17:06]'),
  (278,1,0,'85.198.101.179',-1,'Main page is loaded.','Wed Oct 13 2010 10:15:42 GMT 0400','2010-10-13 [10:17:06]'),
  (279,1,0,'85.198.101.179',-1,'LoadingMainPage','Wed Oct 13 2010 10:15:45 GMT 0400','2010-10-13 [10:17:09]'),
  (280,1,0,'85.198.101.179',-1,'Main page is loaded.','Wed Oct 13 2010 10:15:45 GMT 0400','2010-10-13 [10:17:10]'),
  (281,1,0,'85.198.101.179',-1,'LoadingMainPage','Wed Oct 13 2010 10:15:53 GMT 0400','2010-10-13 [10:17:17]'),
  (282,1,0,'85.198.101.179',-1,'Main page is loaded.','Wed Oct 13 2010 10:15:53 GMT 0400','2010-10-13 [10:17:18]'),
  (283,1,0,'85.198.101.179',-1,'LoadingMainPage','Wed Oct 13 2010 10:17:21 GMT 0400','2010-10-13 [10:18:46]'),
  (284,1,0,'85.198.101.179',-1,'Main page is loaded.','Wed Oct 13 2010 10:17:23 GMT 0400','2010-10-13 [10:18:47]'),
  (285,1,0,'85.198.101.179',-1,'LoadingMainPage','Wed Oct 13 2010 10:18:02 GMT 0400','2010-10-13 [10:19:26]'),
  (286,1,0,'85.198.101.179',-1,'Main page is loaded.','Wed Oct 13 2010 10:18:03 GMT 0400','2010-10-13 [10:19:27]'),
  (287,1,0,'85.198.101.179',-1,'LoadingMainPage','Wed Oct 13 2010 10:18:36 GMT 0400','2010-10-13 [10:20:00]'),
  (288,1,0,'85.198.101.179',-1,'Main page is loaded.','Wed Oct 13 2010 10:18:37 GMT 0400','2010-10-13 [10:20:01]'),
  (289,1,0,'85.198.101.179',-1,'LoadingMainPage','Wed Oct 13 2010 10:18:49 GMT 0400','2010-10-13 [10:20:14]'),
  (290,1,0,'85.198.101.179',-1,'Main page is loaded.','Wed Oct 13 2010 10:18:50 GMT 0400','2010-10-13 [10:20:15]'),
  (291,1,0,'85.198.101.179',-1,'LoadingMainPage','Wed Oct 13 2010 10:19:57 GMT 0400','2010-10-13 [10:21:21]'),
  (292,1,0,'85.198.101.179',-1,'Main page is loaded.','Wed Oct 13 2010 10:19:58 GMT 0400','2010-10-13 [10:21:22]'),
  (293,1,0,'85.198.101.179',-1,'LoadingMainPage','Wed Oct 13 2010 10:20:19 GMT 0400','2010-10-13 [10:21:44]'),
  (294,1,0,'85.198.101.179',-1,'Main page is loaded.','Wed Oct 13 2010 10:20:20 GMT 0400','2010-10-13 [10:21:44]'),
  (295,1,0,'94.233.226.100',-1,'LoadingMainPage','Wed Oct 13 16:58:43 2010','2010-10-13 [16:58:43]'),
  (296,1,0,'94.233.226.100',-1,'Main page is loaded.','Wed Oct 13 16:58:44 2010','2010-10-13 [16:58:44]'),
  (297,1,0,'94.233.226.100',-1,'Fireshow','Wed Oct 13 17:00:20 2010','2010-10-13 [17:00:20]'),
  (298,1,0,'94.233.226.100',-1,'LoadingMainPage','Wed Oct 13 17:00:51 2010','2010-10-13 [17:00:51]'),
  (299,1,0,'94.233.226.100',-1,'Main page is loaded.','Wed Oct 13 17:00:51 2010','2010-10-13 [17:00:51]'),
  (300,1,0,'95.153.177.133',-1,'LoadingMainPage','Sun Oct 17 15:45:28 2010','2010-10-17 [15:42:55]'),
  (301,1,0,'95.153.177.133',-1,'Main page is loaded.','Sun Oct 17 15:45:39 2010','2010-10-17 [15:43:17]'),
  (302,1,0,'95.153.177.133',-1,'LoadingMainPage','Sun Oct 17 15:47:00 2010','2010-10-17 [15:44:27]'),
  (303,1,0,'95.153.177.133',-1,'Main page is loaded.','Sun Oct 17 15:47:01 2010','2010-10-17 [15:44:38]'),
  (304,1,0,'95.153.177.133',-1,'Foto anapa','Sun Oct 17 15:48:44 2010','2010-10-17 [15:46:10]'),
  (305,0,1,'95.153.177.133',47,'Best proposals','Sun Oct 17 15:53:47 2010','2010-10-17 [15:51:15]'),
  (306,0,1,'95.153.177.133',50,'Best proposals','Sun Oct 17 15:57:36 2010','2010-10-17 [15:55:08]'),
  (307,1,0,'95.153.179.23',-1,'LoadingMainPage','Mon Oct 18 08:01:17 2010','2010-10-18 [07:58:41]'),
  (308,1,0,'95.153.179.23',-1,'Main page is loaded.','Mon Oct 18 08:01:25 2010','2010-10-18 [07:58:59]'),
  (309,1,0,'94.253.105.166',-1,'LoadingMainPage','Tue Oct 19 14:58:37 2010','2010-10-19 [14:58:37]'),
  (310,1,0,'94.253.105.166',-1,'Main page is loaded.','Tue Oct 19 14:58:38 2010','2010-10-19 [14:58:38]'),
  (311,1,0,'178.34.63.86',-1,'LoadingMainPage','Tue Oct 19 19:26:29 2010','2010-10-19 [19:26:31]'),
  (312,1,0,'178.34.63.86',-1,'Main page is loaded.','Tue Oct 19 19:26:30 2010','2010-10-19 [19:26:32]'),
  (313,0,1,'178.34.63.86',52,'Search click','Tue Oct 19 19:27:48 2010','2010-10-19 [19:27:49]'),
  (314,0,1,'178.34.63.86',59,'Best proposals','Tue Oct 19 19:28:13 2010','2010-10-19 [19:28:15]'),
  (315,0,1,'178.34.63.86',57,'Rating proposals','Tue Oct 19 19:28:38 2010','2010-10-19 [19:28:40]'),
  (316,0,1,'178.34.63.86',57,'Rating proposals','Tue Oct 19 19:28:46 2010','2010-10-19 [19:28:48]'),
  (317,0,1,'178.34.63.86',57,'Rating proposals','Tue Oct 19 19:28:52 2010','2010-10-19 [19:28:53]'),
  (318,0,1,'178.34.63.86',57,'Rating proposals','Tue Oct 19 19:28:53 2010','2010-10-19 [19:28:55]'),
  (319,0,1,'178.34.63.86',47,'Rating proposals','Tue Oct 19 19:29:09 2010','2010-10-19 [19:29:11]'),
  (320,1,0,'178.34.63.86',-1,'LoadingMainPage','Tue Oct 19 19:29:36 2010','2010-10-19 [19:29:38]'),
  (321,1,0,'178.34.63.86',-1,'Main page is loaded.','Tue Oct 19 19:29:38 2010','2010-10-19 [19:29:40]'),
  (322,1,0,'95.153.160.67',-1,'LoadingMainPage','Wed Oct 27 2010 16:32:51 GMT 0400','2010-10-27 [16:33:09]'),
  (323,1,0,'95.153.160.67',-1,'Main page is loaded.','Wed Oct 27 2010 16:32:58 GMT 0400','2010-10-27 [16:33:17]'),
  (324,1,0,'94.253.104.48',-1,'LoadingMainPage','Thu Oct 28 17:41:21 2010','2010-10-28 [17:41:24]'),
  (325,1,0,'94.253.104.48',-1,'Main page is loaded.','Thu Oct 28 17:41:22 2010','2010-10-28 [17:41:25]'),
  (326,1,0,'85.175.119.100',-1,'LoadingMainPage','Thu Nov 11 2010 23:07:10 GMT 0300','2010-11-11 [23:10:05]'),
  (327,1,0,'85.175.119.100',-1,'Main page is loaded.','Thu Nov 11 2010 23:07:10 GMT 0300','2010-11-11 [23:10:06]'),
  (328,1,0,'95.153.182.4',-1,'LoadingMainPage','Fri Nov 12 2010 10:12:46 GMT 0300','2010-11-12 [10:19:07]'),
  (329,1,0,'95.153.182.4',-1,'Main page is loaded.','Fri Nov 12 2010 10:12:50 GMT 0300','2010-11-12 [10:19:14]'),
  (330,1,0,'95.25.247.171',-1,'LoadingMainPage','Wed Nov 17 01:50:02 2010','2010-11-17 [01:53:10]'),
  (331,1,0,'95.25.171.185',-1,'Main page is loaded.','Wed Nov 17 01:50:02 2010','2010-11-17 [01:53:10]'),
  (332,1,0,'178.34.109.85',-1,'LoadingMainPage','Wed Nov 24 2010 17:22:34 GMT 0300 (VOLT)','2010-11-24 [17:26:10]'),
  (333,1,0,'178.34.109.85',-1,'Main page is loaded.','Wed Nov 24 2010 17:22:35 GMT 0300 (VOLT)','2010-11-24 [17:26:13]'),
  (334,1,0,'178.34.109.85',-1,'LoadingMainPage','Wed Nov 24 2010 17:22:52 GMT 0300 (VOLT)','2010-11-24 [17:26:29]'),
  (335,1,0,'178.34.109.85',-1,'Main page is loaded.','Wed Nov 24 2010 17:22:53 GMT 0300 (VOLT)','2010-11-24 [17:26:30]'),
  (336,1,0,'178.34.109.85',-1,'LoadingMainPage','Wed Nov 24 2010 17:23:18 GMT 0300 (VOLT)','2010-11-24 [17:26:55]'),
  (337,1,0,'178.34.109.85',-1,'Main page is loaded.','Wed Nov 24 2010 17:23:19 GMT 0300 (VOLT)','2010-11-24 [17:26:56]'),
  (338,1,0,'188.162.171.15',-1,'LoadingMainPage','Sat Nov 27 2010 20:24:30 GMT 0300','2010-11-27 [20:28:18]'),
  (339,1,0,'188.162.171.15',-1,'Main page is loaded.','Sat Nov 27 2010 20:24:31 GMT 0300','2010-11-27 [20:28:20]'),
  (340,1,0,'188.162.171.15',-1,'LoadingMainPage','Sat Nov 27 2010 20:24:58 GMT 0300','2010-11-27 [20:28:46]'),
  (341,1,0,'188.162.171.15',-1,'Main page is loaded.','Sat Nov 27 2010 20:24:59 GMT 0300','2010-11-27 [20:28:48]'),
  (342,1,0,'188.162.171.15',-1,'LoadingMainPage','Sat Nov 27 2010 20:25:32 GMT 0300','2010-11-27 [20:29:20]'),
  (343,1,0,'188.162.171.15',-1,'Main page is loaded.','Sat Nov 27 2010 20:25:32 GMT 0300','2010-11-27 [20:29:21]'),
  (344,1,0,'89.178.98.53',-1,'LoadingMainPage','Tue Nov 30 20:50:21 2010','2010-11-30 [20:54:09]'),
  (345,1,0,'95.28.51.69',-1,'Main page is loaded.','Tue Nov 30 20:50:21 2010','2010-11-30 [20:54:11]'),
  (346,1,0,'85.175.125.190',-1,'LoadingMainPage','Wed Dec 01 2010 14:41:01 GMT 0300 (VOLT)','2010-12-01 [14:44:58]'),
  (347,1,0,'85.175.125.190',-1,'Main page is loaded.','Wed Dec 01 2010 14:41:03 GMT 0300 (VOLT)','2010-12-01 [14:45:02]'),
  (348,1,0,'188.17.64.3',-1,'LoadingMainPage','Sat Dec 04 2010 09:20:41 GMT 0500 (Local Standard Time)','2010-12-04 [07:24:43]'),
  (349,1,0,'188.17.64.3',-1,'Main page is loaded.','Sat Dec 04 2010 09:20:43 GMT 0500 (Local Standard Time)','2010-12-04 [07:24:46]'),
  (350,1,0,'95.26.185.253',-1,'LoadingMainPage','Tue Dec 07 07:48:02 2010','2010-12-07 [07:52:15]'),
  (351,1,0,'193.238.133.2',-1,'LoadingMainPage','Tue Dec 07 10:36:19 2010','2010-12-07 [08:40:39]'),
  (352,1,0,'193.238.133.2',-1,'Main page is loaded.','Tue Dec 07 10:36:21 2010','2010-12-07 [08:40:43]'),
  (353,1,0,'193.238.133.2',-1,'LoadingMainPage','Tue Dec 07 10:39:14 2010','2010-12-07 [08:43:33]'),
  (354,1,0,'193.238.133.2',-1,'Main page is loaded.','Tue Dec 07 10:39:14 2010','2010-12-07 [08:43:35]'),
  (355,1,0,'193.238.133.2',-1,'LoadingMainPage','Tue Dec 07 10:40:02 2010','2010-12-07 [08:44:22]'),
  (356,1,0,'193.238.133.2',-1,'Main page is loaded.','Tue Dec 07 10:40:03 2010','2010-12-07 [08:44:23]'),
  (357,1,0,'193.238.133.2',-1,'LoadingMainPage','Tue Dec 07 10:40:09 2010','2010-12-07 [08:44:28]'),
  (358,1,0,'193.238.133.2',-1,'Main page is loaded.','Tue Dec 07 10:40:09 2010','2010-12-07 [08:44:29]'),
  (359,1,0,'193.238.133.2',-1,'LoadingMainPage','Tue Dec 07 10:41:05 2010','2010-12-07 [08:45:25]'),
  (360,1,0,'193.238.133.2',-1,'Main page is loaded.','Tue Dec 07 10:41:06 2010','2010-12-07 [08:45:25]'),
  (361,1,0,'193.238.133.2',-1,'LoadingMainPage','Tue Dec 07 10:42:46 2010','2010-12-07 [08:47:06]'),
  (362,1,0,'193.238.133.2',-1,'Main page is loaded.','Tue Dec 07 10:42:46 2010','2010-12-07 [08:47:06]'),
  (363,1,0,'85.10.196.23',-1,'LoadingMainPage','Wed Dec 29 2010 23:22:23 GMT 0300 (MSK)','2010-12-29 [23:28:35]'),
  (364,1,0,'85.10.196.23',-1,'Main page is loaded.','Wed Dec 29 2010 23:22:24 GMT 0300 (MSK)','2010-12-29 [23:28:38]'),
  (365,1,0,'95.26.56.102',-1,'LoadingMainPage','Mon Jan 03 09:07:39 2011','2011-01-03 [09:14:12]'),
  (366,1,0,'95.26.56.102',-1,'Main page is loaded.','Mon Jan 03 09:07:40 2011','2011-01-03 [09:14:15]'),
  (367,1,0,'93.92.180.61',-1,'LoadingMainPage','Mon Jan 10 2011 13:03:27 GMT 0200','2011-01-10 [14:09:27]'),
  (368,1,0,'93.92.180.61',-1,'Main page is loaded.','Mon Jan 10 2011 13:03:29 GMT 0200','2011-01-10 [14:09:29]'),
  (369,1,0,'93.92.180.61',-1,'Foto aquaparks anapa','Mon Jan 10 2011 13:03:39 GMT 0200','2011-01-10 [14:09:39]'),
  (370,1,0,'93.92.180.61',-1,'Childs anapa','Mon Jan 10 2011 13:12:33 GMT 0200','2011-01-10 [14:18:34]'),
  (371,1,0,'93.92.180.61',-1,'Foto aquaparks anapa','Mon Jan 10 2011 13:12:37 GMT 0200','2011-01-10 [14:18:37]'),
  (372,1,0,'93.92.180.61',-1,'Foto anapa','Mon Jan 10 2011 13:12:38 GMT 0200','2011-01-10 [14:18:38]'),
  (373,1,0,'93.92.180.61',-1,'Fireshow','Mon Jan 10 2011 13:12:40 GMT 0200','2011-01-10 [14:18:40]'),
  (374,1,0,'93.92.180.61',-1,'Foto anapa','Mon Jan 10 2011 13:12:41 GMT 0200','2011-01-10 [14:18:42]'),
  (375,1,0,'93.92.180.61',-1,'Childs anapa','Mon Jan 10 2011 13:12:42 GMT 0200','2011-01-10 [14:18:42]'),
  (376,1,0,'93.92.180.61',-1,'Childs anapa','Mon Jan 10 2011 13:12:43 GMT 0200','2011-01-10 [14:18:43]'),
  (377,1,0,'93.92.180.61',-1,'Surf','Mon Jan 10 2011 13:12:47 GMT 0200','2011-01-10 [14:18:47]'),
  (378,1,0,'178.34.73.164',-1,'LoadingMainPage','Sun Jan 16 2011 16:13:22 GMT 0300 (VOLT)','2011-01-16 [16:19:40]'),
  (379,1,0,'178.34.73.164',-1,'Main page is loaded.','Sun Jan 16 2011 16:13:22 GMT 0300 (VOLT)','2011-01-16 [16:19:40]'),
  (380,1,0,'95.143.213.252',-1,'LoadingMainPage','Wed Jan 19 2011 21:23:09 GMT 0300','2011-01-19 [21:29:41]'),
  (381,1,0,'178.34.21.239',-1,'LoadingMainPage','Thu Jan 20 2011 20:57:19 GMT 0300 (VOLT)','2011-01-20 [21:03:48]'),
  (382,1,0,'178.34.21.239',-1,'Main page is loaded.','Thu Jan 20 2011 20:57:23 GMT 0300 (VOLT)','2011-01-20 [21:03:54]'),
  (383,1,0,'46.159.176.71',-1,'LoadingMainPage','Mon Jan 24 2011 07:30:20 GMT 0300','2011-01-24 [07:37:00]'),
  (384,1,0,'46.159.176.71',-1,'Main page is loaded.','Mon Jan 24 2011 07:30:22 GMT 0300','2011-01-24 [07:37:04]'),
  (385,0,1,'46.159.176.71',61,'Best proposals','Mon Jan 24 2011 07:32:57 GMT 0300','2011-01-24 [07:39:37]'),
  (386,1,0,'46.159.176.71',-1,'LoadingMainPage','Mon Jan 24 07:34:47 2011','2011-01-24 [07:41:27]'),
  (387,1,0,'46.159.176.71',-1,'Main page is loaded.','Mon Jan 24 07:34:48 2011','2011-01-24 [07:41:28]'),
  (388,0,1,'46.159.176.71',47,'Best proposals','Mon Jan 24 07:38:05 2011','2011-01-24 [07:44:45]'),
  (389,0,1,'46.159.176.71',50,'Best proposals','Mon Jan 24 07:39:10 2011','2011-01-24 [07:45:50]'),
  (390,0,1,'46.159.176.71',56,'Best proposals','Mon Jan 24 07:39:13 2011','2011-01-24 [07:45:53]'),
  (391,0,1,'46.159.176.71',40,'Search click','Mon Jan 24 07:39:31 2011','2011-01-24 [07:46:11]'),
  (392,0,1,'46.159.176.71',51,'Best proposals','Mon Jan 24 07:39:47 2011','2011-01-24 [07:46:27]'),
  (393,0,1,'46.159.176.71',55,'Best proposals','Mon Jan 24 07:39:58 2011','2011-01-24 [07:46:38]'),
  (394,1,0,'217.30.194.238, 74.1',-1,'LoadingMainPage','Sun Jan 23 2011 16:00:00 GMT-0800 (PST)','2011-01-24 [14:11:43]'),
  (395,1,0,'217.30.194.238, 74.1',-1,'Main page is loaded.','Sun Jan 23 2011 16:00:00 GMT-0800 (PST)','2011-01-24 [14:11:43]'),
  (396,1,0,'85.175.119.155',-1,'LoadingMainPage','Sun Jan 30 2011 12:28:46 GMT 0300','2011-01-30 [12:35:37]'),
  (397,1,0,'85.175.119.155',-1,'Main page is loaded.','Sun Jan 30 2011 12:28:48 GMT 0300','2011-01-30 [12:35:40]'),
  (398,1,0,'95.27.109.219',-1,'LoadingMainPage','Mon Jan 31 17:34:44 2011','2011-01-31 [17:41:48]'),
  (399,1,0,'95.220.203.76',-1,'LoadingMainPage','Wed Feb 02 17:35:53 2011','2011-02-02 [17:42:58]'),
  (400,1,0,'95.220.203.76',-1,'Main page is loaded.','Wed Feb 02 17:35:54 2011','2011-02-02 [17:43:00]'),
  (401,1,0,'83.239.59.143',-1,'LoadingMainPage','Sun Feb 06 2011 15:07:35 GMT 0300','2011-02-06 [15:14:58]'),
  (402,1,0,'83.239.59.143',-1,'Main page is loaded.','Sun Feb 06 2011 15:07:37 GMT 0300','2011-02-06 [15:14:59]'),
  (403,1,0,'95.26.186.58',-1,'LoadingMainPage','Sun Feb 06 17:55:46 2011','2011-02-06 [18:03:10]'),
  (404,1,0,'62.33.151.236',-1,'LoadingMainPage','Fri Feb 11 2011 15:04:25 GMT 0600','2011-02-11 [12:12:07]'),
  (405,1,0,'62.33.151.236',-1,'Main page is loaded.','Fri Feb 11 2011 15:04:36 GMT 0600','2011-02-11 [12:12:44]'),
  (406,1,0,'62.33.151.236',-1,'LoadingMainPage','Fri Feb 11 2011 15:07:04 GMT 0600','2011-02-11 [12:14:45]'),
  (407,0,1,'62.33.151.236',51,'Hotel from main params','Fri Feb 11 2011 15:07:04 GMT 0600','2011-02-11 [12:14:45]'),
  (408,1,0,'62.33.151.236',-1,'LoadingMainPage','Fri Feb 11 2011 15:07:26 GMT 0600','2011-02-11 [12:15:07]'),
  (409,0,1,'62.33.151.236',51,'Hotel from main params','Fri Feb 11 2011 15:07:26 GMT 0600','2011-02-11 [12:15:08]'),
  (410,1,0,'62.33.151.236',-1,'LoadingMainPage','Fri Feb 11 2011 15:07:38 GMT 0600','2011-02-11 [12:15:19]'),
  (411,0,1,'62.33.151.236',55,'Hotel from main params','Fri Feb 11 2011 15:07:38 GMT 0600','2011-02-11 [12:15:20]'),
  (412,1,0,'62.33.151.236',-1,'LoadingMainPage','Fri Feb 11 2011 15:08:37 GMT 0600','2011-02-11 [12:16:19]'),
  (413,0,1,'62.33.151.236',56,'Hotel from main params','Fri Feb 11 2011 15:08:37 GMT 0600','2011-02-11 [12:16:19]'),
  (414,1,0,'62.33.151.236',-1,'LoadingMainPage','Fri Feb 11 2011 15:09:58 GMT 0600','2011-02-11 [12:17:40]'),
  (415,0,1,'62.33.151.236',56,'Hotel from main params','Fri Feb 11 2011 15:10:02 GMT 0600','2011-02-11 [12:17:45]'),
  (416,1,0,'62.33.151.236',-1,'LoadingMainPage','Fri Feb 11 2011 15:11:41 GMT 0600','2011-02-11 [12:19:23]'),
  (417,0,1,'62.33.151.236',48,'Hotel from main params','Fri Feb 11 2011 15:11:41 GMT 0600','2011-02-11 [12:19:26]'),
  (418,1,0,'62.33.151.236',-1,'LoadingMainPage','Fri Feb 11 2011 15:12:17 GMT 0600','2011-02-11 [12:19:58]'),
  (419,0,1,'62.33.151.236',57,'Hotel from main params','Fri Feb 11 2011 15:12:17 GMT 0600','2011-02-11 [12:19:59]'),
  (420,1,0,'62.33.151.236',-1,'LoadingMainPage','Fri Feb 11 2011 15:12:50 GMT 0600','2011-02-11 [12:20:31]'),
  (421,0,1,'62.33.151.236',45,'Hotel from main params','Fri Feb 11 2011 15:12:50 GMT 0600','2011-02-11 [12:20:33]'),
  (422,1,0,'62.33.151.236',-1,'LoadingMainPage','Fri Feb 11 2011 15:13:15 GMT 0600','2011-02-11 [12:20:57]'),
  (423,0,1,'62.33.151.236',55,'Hotel from main params','Fri Feb 11 2011 15:13:16 GMT 0600','2011-02-11 [12:20:57]'),
  (424,0,1,'62.33.151.236',50,'Best proposals','Fri Feb 11 2011 15:14:53 GMT 0600','2011-02-11 [12:22:35]'),
  (425,0,1,'62.33.151.236',48,'Best proposals','Fri Feb 11 2011 15:15:10 GMT 0600','2011-02-11 [12:22:52]'),
  (426,1,0,'62.33.151.236',-1,'LoadingMainPage','Fri Feb 11 2011 15:16:19 GMT 0600','2011-02-11 [12:24:00]'),
  (427,0,1,'62.33.151.236',43,'Hotel from main params','Fri Feb 11 2011 15:16:21 GMT 0600','2011-02-11 [12:24:04]'),
  (428,1,0,'62.33.151.236',-1,'LoadingMainPage','Fri Feb 11 2011 15:19:35 GMT 0600','2011-02-11 [12:27:17]'),
  (429,0,1,'62.33.151.236',55,'Hotel from main params','Fri Feb 11 2011 15:19:36 GMT 0600','2011-02-11 [12:27:20]'),
  (430,0,1,'62.33.151.236',55,'Hotel from main params','Fri Feb 11 2011 15:19:36 GMT 0600','2011-02-11 [12:27:20]'),
  (431,1,0,'62.33.151.236',-1,'LoadingMainPage','Fri Feb 11 2011 15:19:45 GMT 0600','2011-02-11 [12:27:26]'),
  (432,0,1,'62.33.151.236',57,'Hotel from main params','Fri Feb 11 2011 15:19:45 GMT 0600','2011-02-11 [12:27:26]'),
  (433,1,0,'62.33.151.236',-1,'LoadingMainPage','Fri Feb 11 2011 15:20:14 GMT 0600','2011-02-11 [12:27:56]'),
  (434,0,1,'62.33.151.236',49,'Hotel from main params','Fri Feb 11 2011 15:20:14 GMT 0600','2011-02-11 [12:27:56]'),
  (435,1,0,'62.33.151.236',-1,'LoadingMainPage','Fri Feb 11 2011 15:20:59 GMT 0600','2011-02-11 [12:28:41]'),
  (436,0,1,'62.33.151.236',58,'Hotel from main params','Fri Feb 11 2011 15:21:00 GMT 0600','2011-02-11 [12:28:41]'),
  (437,1,0,'62.33.151.236',-1,'LoadingMainPage','Fri Feb 11 2011 15:24:08 GMT 0600','2011-02-11 [12:31:50]'),
  (438,0,1,'62.33.151.236',49,'Hotel from main params','Fri Feb 11 2011 15:24:12 GMT 0600','2011-02-11 [12:31:54]'),
  (439,1,0,'81.94.18.106',-1,'LoadingMainPage','Sat Feb 12 2011 21:10:27 GMT 0300 (Russia Standard Time)','2011-02-12 [21:18:17]'),
  (440,1,0,'81.94.18.106',-1,'Main page is loaded.','Sat Feb 12 2011 21:10:28 GMT 0300 (Russia Standard Time)','2011-02-12 [21:18:17]'),
  (441,1,0,'178.34.191.8',-1,'LoadingMainPage','Mon Feb 14 2011 19:58:40 GMT 0300','2011-02-14 [20:06:24]'),
  (442,1,0,'178.34.191.8',-1,'Main page is loaded.','Mon Feb 14 2011 19:58:41 GMT 0300','2011-02-14 [20:06:25]'),
  (443,0,1,'178.34.191.8',59,'Best proposals','Mon Feb 14 2011 19:59:47 GMT 0300','2011-02-14 [20:07:30]'),
  (444,0,1,'178.34.191.8',52,'Best proposals','Mon Feb 14 2011 19:59:51 GMT 0300','2011-02-14 [20:07:34]'),
  (445,0,1,'178.34.191.8',61,'Best proposals','Mon Feb 14 2011 20:00:06 GMT 0300','2011-02-14 [20:07:49]'),
  (446,0,1,'178.34.191.8',52,'Best proposals','Mon Feb 14 2011 20:00:10 GMT 0300','2011-02-14 [20:07:54]'),
  (447,0,1,'178.34.191.8',59,'Best proposals','Mon Feb 14 2011 20:00:12 GMT 0300','2011-02-14 [20:07:55]'),
  (448,0,1,'178.34.191.8',29,'Search click','Mon Feb 14 2011 20:01:43 GMT 0300','2011-02-14 [20:09:27]'),
  (449,1,0,'85.175.179.44',-1,'LoadingMainPage','Thu Feb 17 2011 13:47:22 GMT 0300','2011-02-17 [13:55:17]'),
  (450,1,0,'85.175.179.44',-1,'Main page is loaded.','Thu Feb 17 2011 13:47:24 GMT 0300','2011-02-17 [13:55:20]'),
  (451,1,0,'85.175.116.239',-1,'LoadingMainPage','Thu Feb 17 2011 14:00:41 GMT 0300','2011-02-17 [14:09:33]'),
  (452,1,0,'85.175.116.239',-1,'Main page is loaded.','Thu Feb 17 2011 14:00:42 GMT 0300','2011-02-17 [14:09:34]'),
  (453,1,0,'95.31.84.17',-1,'LoadingMainPage','Wed Mar 16 17:01:06 2011','2011-03-16 [17:10:24]'),
  (454,1,0,'46.4.40.13',-1,'LoadingMainPage','Sun Mar 27 2011 18:28:33 GMT 0400 (MSD)','2011-03-27 [18:38:25]'),
  (455,1,0,'46.4.40.13',-1,'Main page is loaded.','Sun Mar 27 2011 18:28:35 GMT 0400 (MSD)','2011-03-27 [18:38:26]'),
  (456,1,0,'95.28.152.106',-1,'LoadingMainPage','Tue Mar 29 07:54:08 2011','2011-03-29 [08:03:05]'),
  (457,1,0,'95.28.152.106',-1,'Main page is loaded.','Tue Mar 29 07:54:08 2011','2011-03-29 [08:03:06]'),
  (458,1,0,'62.209.146.236, 109.',-1,'LoadingMainPage','Sat May 07 16:51:51 2011','2011-05-07 [16:50:53]'),
  (459,1,0,'62.209.146.236, 109.',-1,'Main page is loaded.','Sat May 07 16:51:59 2011','2011-05-07 [16:51:00]'),
  (460,1,0,'91.209.127.254',-1,'LoadingMainPage','Mon Jun 27 2011 18:17:57 GMT 0400','2011-06-27 [18:17:32]'),
  (461,1,0,'91.209.127.254',-1,'Main page is loaded.','Mon Jun 27 2011 18:17:57 GMT 0400','2011-06-27 [18:17:32]'),
  (462,1,0,'91.209.127.254',-1,'Main page is loaded.','Mon Jun 27 2011 18:17:57 GMT 0400','2011-06-27 [18:17:32]'),
  (463,1,0,'91.209.127.254',-1,'LoadingMainPage','Thu Jul 14 2011 16:01:31 GMT 0400','2011-07-14 [16:01:39]'),
  (464,1,0,'91.209.127.254',-1,'Main page is loaded.','Thu Jul 14 2011 16:01:31 GMT 0400','2011-07-14 [16:01:39]'),
  (465,1,0,'91.209.127.254',-1,'LoadingMainPage','Thu Jul 14 2011 16:51:33 GMT 0400','2011-07-14 [16:51:41]'),
  (466,1,0,'91.209.127.254',-1,'Main page is loaded.','Thu Jul 14 2011 16:51:34 GMT 0400','2011-07-14 [16:51:43]'),
  (467,1,0,'91.209.127.254',-1,'LoadingMainPage','Thu Jul 14 2011 17:41:56 GMT 0400','2011-07-14 [17:42:05]'),
  (468,1,0,'91.209.127.254',-1,'Main page is loaded.','Thu Jul 14 2011 17:41:57 GMT 0400','2011-07-14 [17:42:05]'),
  (469,1,0,'91.209.127.254',-1,'LoadingMainPage','Thu Jul 14 2011 17:43:07 GMT 0400','2011-07-14 [17:43:15]'),
  (470,1,0,'91.209.127.254',-1,'Main page is loaded.','Thu Jul 14 2011 17:43:07 GMT 0400','2011-07-14 [17:43:15]'),
  (471,1,0,'91.209.127.254',-1,'LoadingMainPage','Thu Jul 14 2011 17:43:08 GMT 0400','2011-07-14 [17:43:16]'),
  (472,1,0,'91.209.127.254',-1,'Main page is loaded.','Thu Jul 14 2011 17:43:08 GMT 0400','2011-07-14 [17:43:16]'),
  (473,1,0,'91.209.127.254',-1,'LoadingMainPage','Thu Jul 14 2011 17:43:08 GMT 0400','2011-07-14 [17:43:16]'),
  (474,1,0,'91.209.127.254',-1,'Main page is loaded.','Thu Jul 14 2011 17:43:08 GMT 0400','2011-07-14 [17:43:16]'),
  (475,1,0,'91.209.127.254',-1,'LoadingMainPage','Thu Jul 14 2011 17:43:08 GMT 0400','2011-07-14 [17:43:16]'),
  (476,1,0,'91.209.127.254',-1,'Main page is loaded.','Thu Jul 14 2011 17:43:08 GMT 0400','2011-07-14 [17:43:17]'),
  (477,1,0,'91.209.127.254',-1,'LoadingMainPage','Thu Jul 14 2011 17:43:08 GMT 0400','2011-07-14 [17:43:17]'),
  (478,1,0,'91.209.127.254',-1,'Main page is loaded.','Thu Jul 14 2011 17:43:08 GMT 0400','2011-07-14 [17:43:17]'),
  (479,1,0,'91.209.127.254',-1,'LoadingMainPage','Thu Jul 14 2011 17:43:09 GMT 0400','2011-07-14 [17:43:17]'),
  (480,1,0,'91.209.127.254',-1,'Main page is loaded.','Thu Jul 14 2011 17:43:09 GMT 0400','2011-07-14 [17:43:17]'),
  (481,1,0,'91.209.127.254',-1,'LoadingMainPage','Thu Jul 14 2011 17:56:49 GMT 0400','2011-07-14 [17:56:58]'),
  (482,1,0,'91.209.127.254',-1,'LoadingMainPage','Thu Jul 14 2011 17:56:49 GMT 0400','2011-07-14 [17:57:03]'),
  (483,1,0,'91.209.127.254',-1,'LoadingMainPage','Thu Jul 14 2011 17:57:38 GMT 0400','2011-07-14 [17:57:46]'),
  (484,1,0,'91.209.127.254',-1,'Main page is loaded.','Thu Jul 14 2011 17:57:38 GMT 0400','2011-07-14 [17:57:46]'),
  (485,1,0,'91.209.127.254',-1,'LoadingMainPage','Thu Jul 14 2011 17:57:39 GMT 0400','2011-07-14 [17:57:47]'),
  (486,1,0,'91.209.127.254',-1,'Main page is loaded.','Thu Jul 14 2011 17:57:39 GMT 0400','2011-07-14 [17:57:47]'),
  (487,1,0,'91.209.127.254',-1,'LoadingMainPage','Thu Jul 14 2011 17:57:39 GMT 0400','2011-07-14 [17:57:47]'),
  (488,1,0,'91.209.127.254',-1,'Main page is loaded.','Thu Jul 14 2011 17:57:39 GMT 0400','2011-07-14 [17:57:47]'),
  (489,1,0,'91.209.127.254',-1,'LoadingMainPage','Thu Jul 14 2011 17:57:39 GMT 0400','2011-07-14 [17:57:48]'),
  (490,1,0,'91.209.127.254',-1,'Main page is loaded.','Thu Jul 14 2011 17:57:39 GMT 0400','2011-07-14 [17:57:48]'),
  (491,1,0,'91.209.127.254',-1,'LoadingMainPage','Thu Jul 14 2011 17:59:06 GMT 0400','2011-07-14 [17:59:15]'),
  (492,1,0,'91.209.127.254',-1,'Main page is loaded.','Thu Jul 14 2011 17:59:06 GMT 0400','2011-07-14 [17:59:15]'),
  (493,1,0,'91.209.127.254',-1,'LoadingMainPage','Thu Jul 14 2011 17:59:47 GMT 0400','2011-07-14 [17:59:55]'),
  (494,1,0,'91.209.127.254',-1,'Main page is loaded.','Thu Jul 14 2011 17:59:47 GMT 0400','2011-07-14 [17:59:55]'),
  (495,1,0,'91.209.127.254',-1,'LoadingMainPage','Tue Oct 04 2011 11:51:20 GMT 0400','2011-10-04 [11:51:04]'),
  (496,1,0,'91.209.127.254',-1,'Main page is loaded.','Tue Oct 04 2011 11:51:20 GMT 0400','2011-10-04 [11:51:04]'),
  (497,1,0,'91.209.127.254',-1,'LoadingMainPage','Tue Oct 04 2011 11:53:31 GMT 0400','2011-10-04 [11:53:15]'),
  (498,1,0,'91.209.127.254',-1,'Main page is loaded.','Tue Oct 04 2011 11:53:31 GMT 0400','2011-10-04 [11:53:15]'),
  (499,1,0,'127.0.0.1',-1,'LoadingMainPage','Fri Oct 21 2011 18:45:34 GMT 0400 (Russia Daylight Time)','2011-10-21 [18:45:34]'),
  (500,1,0,'127.0.0.1',-1,'Main page is loaded.','Fri Oct 21 2011 18:45:34 GMT 0400 (Russia Daylight Time)','2011-10-21 [18:45:35]');
COMMIT;

#
# Data for the `hotel_types` table  (LIMIT -488,500)
#

INSERT INTO `hotel_types` (`ht_id`, `htname`, `htcomment`, `menu_display`, `priority`) VALUES 
  (1,'Частные гостиницы','Гостиницы, минигостиницы, гостиничные комплексы',1,2),
  (2,'Отели','Отели, частный сектор номерного типа',1,1),
  (3,'Санатории','Санатории, реабилитационные центры',0,0),
  (4,'Пансионаты','Пансионаты',0,0),
  (5,'Базы отдыха','Базы отдыха, кемпинги',0,0),
  (6,'Частный сектор','Жилье в частном владении',1,3),
  (7,'Гостевые дома','Гостевые дома, гостевые комплексы',1,5),
  (8,'Квартиры','Квартиры на юге',0,0),
  (9,'Частные дома','Владения с территорией, таунхаусы в аренду',0,4),
  (10,'Комплексы','Лечебно оздоровительные и прочие комплексы',0,0),
  (11,'Детские лагеря','Детские оздоровительные лагеря и центры',0,0);
COMMIT;

#
# Data for the `hotels` table  (LIMIT -470,500)
#

INSERT INTO `hotels` (`hotel_num`, `presents_i_name`, `name`, `comment`, `adress`, `phone`, `e_mail`, `web`, `type`, `eat_comment`, `cafe_filename`, `priority`, `distance`, `best_offer`, `cafe2_filename`, `contact_info`, `group_priority`, `SREGION_ID`, `STATE_ID`, `S_DIST_ID`, `min_prise_pers`, `min_price_room`, `rating`, `in_rotate_list`, `short_def`, `pr_vert_sml_img`) VALUES 
  (28,'_28','апрапрар',NULL,'Краснодарский кр. г.-к. Анапа,',NULL,NULL,NULL,2,'Питание:',NULL,0,NULL,0,NULL,'нет данных',0,-1,-1,-1,0,0,1,0,'Нет описания',NULL),
  (29,'_29','Отель \"Капитал\"',NULL,'Краснодарский кр. г.-к. Анапа,',NULL,NULL,NULL,2,'Питание:',NULL,0,NULL,0,NULL,'нет данных',0,-1,-1,-1,0,0,1,0,'Нет описания',NULL),
  (31,'_31','Отель \"Нева\"',NULL,'Краснодарский кр. г.-к. Анапа,',NULL,NULL,NULL,2,'Питание:',NULL,0,NULL,0,NULL,'нет данных',0,-1,-1,-1,0,0,1,0,'Нет описания',NULL),
  (32,'_32','Отель \"Якорь\"',NULL,'Краснодарский кр. г.-к. Анапа,',NULL,NULL,NULL,2,'Питание:',NULL,0,NULL,0,NULL,'нет данных',0,-1,-1,-1,0,0,1,0,'Нет описания',NULL),
  (35,'_35','Гостиница \"Заря\"',NULL,'Краснодарский кр. г.-к. Анапа,',NULL,NULL,NULL,1,'Питание:',NULL,0,NULL,0,NULL,'нет данных',0,-1,-1,-1,0,0,1,0,'Нет описания',NULL),
  (36,'_36','Пансионат \"Нива\"',NULL,'Краснодарский кр. г.-к. Анапа,',NULL,NULL,NULL,4,'Питание:',NULL,0,NULL,0,NULL,'нет данных',0,-1,-1,-1,0,0,1,0,'Нет описания',NULL),
  (37,'_37','Пансионат \"Черноморский\"',NULL,'Краснодарский кр. г.-к. Анапа,',NULL,NULL,NULL,4,'Питание:',NULL,0,NULL,0,NULL,'нет данных',0,-1,-1,-1,0,0,1,0,'Нет описания',NULL),
  (38,'_38','Пансионат \"Элита\"',NULL,'Краснодарский кр. г.-к. Анапа,',NULL,NULL,NULL,4,'Питание:',NULL,0,NULL,0,NULL,'нет данных',0,-1,-1,-1,0,0,1,0,'Нет описания',NULL),
  (40,'images/homes/gd2/gate.jpg','Частное владение Витязево.  Недорого, от 250 руб.','Пять 2х-местных гостевых комнат; есть кухня с холодильником, посудой и плитой, где можно приготовить. Тенистый дворик. Душ с подогревом и туалет общие. Имеется автостоянка на 3 машины. Доброжелательная и аккуратная хозяйка. Неподалёку расположен небольшой парк с фонтаном, детской площадкой и уличными тренажёрами. Дом находится в 50 метрах от магазина и остановки маршрутных такси.\r\nРасположен в курортном посёлке Витязево, в 2,5 км от моря (около 5 минут на маршрутке, либо 30 – 40 минут пешком). Июнь 250 руб. с чел в сутки. Июль - 350 руб. Очень выгодно для курортного района Витязево. Для небольших семей, пар, при отдыхе с небольшим бюджетом.','кур. поселок Витязево','8-952-8483078','psdevelop@yandex.ru','anapa-tut.ru',6,'Не включено',NULL,2,'25 минут пешком',1,NULL,'Павел',2,4,1,4,250,0,2,1,'Витязево. 2-местные комнаты. Кухня, тенистый двор.  До отличного пляжа 25 мин. пешком. Душ общий. Автостоянка. Аккуратная хозяйка. Неподалёку парк с фонтаном, детской площадкой, магазин и остановка в центр.','images/homes/gd2/room1.jpg'),
  (41,'images/homes/gd1/hole1.jpg','Гостевой дом №1. Все опции. Номер на неск. человек от 1500 руб. в сутки.','<h3>Полноценный отдых в Анапе</h3>\r\nУдобное расположение гостиницы позволяет отдыхать Вам на каменистых или песчаных пляжах Анапы. Рядом современный, ухоженный центр Анапы со всеми ее развлечениями. Сама гостиница расположена в тихом районе, поэтому никто не помешает вам отдохнуть от суеты и летней жары. <h3>Комфорт и полноценный сервис.</h3>\r\nПроживание у нас - это комфортабельные номера нескольких типов, заселение и пребывание в которых внимательно обслуживаются персоналом. Если вы раньше отдыхали в частном секторе, то найдете у нас первоклассный уют и анапское гостеприимство.<h3>Качественный отдых</h3>\r\nМы сделали обстановку в гостинице очень приятной за счет качественной меблировки номеров и оформления их в едином дизайнерском стиле. Оборудованная в каждом номере всем необходимым, наша гостиница удивляет клиентов и дополнительными опциями. <h3>Забота о семье...</h3> \r\nМы не предлагаем \"просто номер в котором можно спать\". Прохладный бассейн, приятно оформленная столовая, оборудованные кухни и  сауна - все это доступно без выхода с территории гостиницы.','','','psdevelop@yandex.ru',NULL,7,'Питание: есть своя свовременная кафе-столовая.',NULL,3,NULL,1,NULL,'нет данных',2,1,1,2,500,1500,3,1,'Очень выгодно::все опции::15 минут до песчаного пляжа :: свои бассейн с сауной ::уютный двор с мангалом::10 минут до Главной прогулочной набережной :: находится в тихом районе','images/homes/gd1/view3.jpg'),
  (42,'images/homes/gd3/gd3_4.jpg','Раздельный жилой комплекс, Центр Анапы, от 350 руб.','АНАПА - ЧАСТНЫЙ СЕКТОР - ОТДЫХАЕМ НЕДОРОГО \r\nРАЗДЕЛЬНЫЙ ЖИЛОЙ КОМПЛЕКС (от 350 р./сут. с чел.)\r\nУЮТ ЧАСТНОГО СЕКТОРА + ПРЕИМУЩЕСТВА ГОСТИНИЦЫ\r\n<ul><h2>ВЫГОДНОЕ ПРЕДЛОЖЕНИЕ – ЧАСТНЫЙ НОМЕРНОЙ КОМПЛЕКС В АНАПЕ</h2>\r\n<br />\r\n<li>2-3-МЕСТНЫЕ НОМЕРА С ВЫХОДОМ НА СОЛНЕЧНУЮ ТЕРРАССУ</li> \r\n<li>В КАЖДОМ НОМЕРЕ ТЕЛЕВИЗОР, ХОЛОДИЛЬНИК И СПЛИТ-СИСТЕМА </li>\r\n<li>ВМЕСТИТЕЛЬНАЯ СТОЯНКА ПЕРЕД ДОМОМ</li> \r\n<li>НАДЕЖНО ЗАЩИЩЕННЫЙ, АККУРАТНЫЙ ДВОР</li> \r\n<li>КУХНЯ </li>\r\n<li>САНУЗЕЛ С ДУШЕВОЙ В КАЖДОМ НОМЕРЕ</li>\r\n</ul>\r\n<p align=\"center\">\r\n  <table  border=\"0\" align=\"center\">\r\n  <tr>\r\n    <td align=\"center\"><img src=\"images/homes/gd3/gd3_4.jpg\" width=\"200\" height=\"150\" border=\"2\" style=\"border-color:#FFFF33\" /></td>\r\n    <td align=\"center\"><img src=\"images/homes/gd3/gd3_5.jpg\" width=\"200\" height=\"150\" border=\"2\" style=\"border-color:#FFFF33\" /></td>\r\n  </tr>\r\n  <tr>\r\n    <td align=\"center\"><img src=\"images/homes/gd3/gd3_6.jpg\" width=\"200\" height=\"150\" border=\"2\" style=\"border-color:#FFFF33\" /></td>\r\n    <td align=\"center\"><img src=\"images/homes/gd3/gd3_7.jpg\" width=\"200\" height=\"150\" border=\"2\" style=\"border-color:#FFFF33\" /></td> \r\n  </tr>\r\n</table>\r\n \r\n</p>\r\n\r\n<blockquote>\r\n  МЫ ВНИМАТЕЛЬНО ОТНОСИМСЯ К КАЖДОМУ НАШЕМУ ГОСТЮ, ЗА ЧТО \r\n  ОНИ ЧАСТО ПРИЕЗЖАЮТ К НАМ ЕЩЕ…</blockquote> \r\n<blockquote>АНАПА И НАШЕ ЧАСТНОЕ ВЛАДЕНИЕ ВСЕГДА ГОТОВЫ \r\nПРИНЯТЬ ВАС КАК К СЕБЕ ДОМОЙ.</blockquote>','',NULL,NULL,NULL,7,'Питание:',NULL,2,NULL,1,NULL,'Юлия, Надежда',3,-1,-1,-1,350,0,1,1,'АНАПА - ЧАСТНЫЙ СЕКТОР - ОТДЫХАЕМ НЕДОРОГО, РАЗДЕЛЬНЫЙ ЖИЛОЙ КОМПЛЕКС (от 350 р./сут. с чел.), УЮТ ЧАСТНОГО СЕКТОРА + ПРЕИМУЩЕСТВА ГОСТИНИЦЫ','images/homes/gd3/gd3_8.jpg'),
  (43,'images/homes/gd4/gd4_1.jpg','Частная мини-гостиница Витязево. От 350 рублей с человека. Несколько вариантов проживания.','<blockquote>Частная мини-гостиница находится в курортном поселке Витязево города-курорта Анапа, в тихом переулке, в стороне от шумной набережной и прогулочного проспекта.<br/>\r\nДо пляжа 10-15 минут ходьбы, до развлекательного  центра «Паралия» – 10 мин. ходьбы. Витязево славится <B>прекрасным пляжем, до которого от гостиницы 10-15 минут пешком, </B> и чистым  воздухом.\r\n    Пляж песчаный с множеством кафе, пунктами проката зонтов жезлонгов, детских колясок и проч. \r\n    Вокруг огромное количество развлечений для взрослых и детей.\r\n    Мини-гостиница представляет собой три 3-х этажных здания и располагает 40 номерами (с удобствами и удобствами на блок). Очень ухоженный, уютный дворик с теневыми навесами, столиками для приема пищи, диванами для отдыха. В просторном дворе много цветов, есть где посидеть вечерком.\r\n    Расселение отдыхающих производится в 2-х, 3-х местных номерах.<br/>\r\n\t<p><div align=\"center\">\r\n        <img src=\"images/homes/gd4/room2.jpg\" alt=\"2-местные номера\" border=\"2\" class=\"info_img\" />\r\n        <img src=\"images/homes/gd4/room5.jpg\" alt=\"Номера\" border=\"2\" class=\"info_img\" />\r\n        <img src=\"images/homes/gd4/room3.jpg\" alt=\"Номера\" border=\"2\" class=\"info_img\" />\r\n       </div>\r\n\t  \r\n      </p>\r\n\t<p><div align=\"center\">\r\n\t  <img src=\"images/homes/gd4/home1.jpg\" alt=\"Уют\" border=\"2\" class=\"info_img\" />\r\n        <img src=\"images/homes/gd4/cafe_1.jpg\" alt=\"Отдых\" border=\"2\" class=\"info_img\" />\r\n        <img src=\"images/homes/gd4/cafe_2.jpg\" alt=\"Отдых\" border=\"2\" class=\"info_img\" /> \r\n\t</div>\r\n\t</p>\r\n      <p><div align=\"center\">\r\n\t  <img src=\"images/homes/gd4/territory_2.jpg\" alt=\"Номера\" border=\"2\" class=\"info_img\" />\r\n        <img src=\"images/homes/gd4/cafe_3.jpg\" alt=\"Отдых\" border=\"2\" class=\"info_img\" />\r\n        <img src=\"images/homes/gd4/territory_1.jpg\" alt=\"Отдых\" border=\"2\" class=\"info_img\" /> \r\n\t</div>\r\n\t</p>',NULL,NULL,NULL,NULL,7,'Питание:',NULL,2,NULL,1,NULL,'нет данных',3,-1,-1,-1,350,0,3,1,'Частная мини-гостиница находится в курортном поселке Витязево города-курорта Анапа, в тихом переулке. До печаного пляжа 10 минут ходьбы. Вокруг огромное количество развлечений для взрослых и детей. Несколько вариантов проживания.','images/homes/gd4/gd4_3.jpg'),
  (44,'images/hotels/buss/bh_2.jpg','Бизнес-отель. Центр города.','Отель представляет собой четырехэтажное здание, реконструированное  в 2008 году,\r\nрассчитанное на одновременное размещение 100-120 человек в двухместных, трехместных номерах категории «люкс» и «полулюкс». \r\nКаждый номер – одна (две  в номерах категории «люкс») комнаты, прихожая, туалет и ванная комната, лоджия или балкон. \r\nВ стандартную комплектацию номеров входят  комплекты гостиничной  и  «мягкой» мебели, телевизор, холодильник,  сплит-система, телефон. \r\n',NULL,NULL,NULL,NULL,2,'Питание:',NULL,0,NULL,0,NULL,'нет данных',0,-1,-1,-1,0,0,3,1,'Бизнес-отель. Центр города.','images/hotels/buss/bh_1.jpg'),
  (45,'images/private_sect/klm_pr1/klm2.jpg','Частный сектор в центре Анапы. До песч. пляжа 5 мин. От 200 руб.','Частный сектор в центре Анапы. Номера на 1 и 2 этажах. До песчаного пляжа 5 мин пешком. От 200 руб. в сутки с человека. Для экономного отдыха, но в непосредственной близости с центральным пляжем и всеми развлечениями ухоженной, утопающей в зелени старой Анапы.  Общая кухня и душ во дворе.  Санузел в номере. Небольшой тенистый двор вдали от дорожной части. ',NULL,NULL,NULL,NULL,1,'Питание:',NULL,2,NULL,1,NULL,'Владелец Руслан',3,-1,-1,-1,200,0,10,1,'Частный сектор в центре Анапы. Номера на 1 и 2 этажах. До песчаного пляжа 5 мин пешком. От 200 руб. в сутки с человека. Для экономного отдыха, но при этом в ухоженной, утопающей в зелени центре старой Анапы...','images/private_sect/klm_pr1/klm3.jpg'),
  (46,'images/homes/dj1/foto1.jpg','Гостевой дом. Джемете. Море - в 200 метрах. От 600 руб.','<p><strong>Гостевой дом</strong> в курортном поселке Джемете, в первой курортной линии в 200 метрах от моря, на протяжении которых расположены многочисленные кафе, столовые, магазины, закусочные, шашлычные, вещевой  и продуктовые рынки. От 600 руб. с человека в сутки. <br />\r\nГостевой дом представляет собой новое двухэтажное здание с 10 номерами разной степени комфортности Малое количество отдыхающих, уютный зеленый, полностью закрытый двор, красивое место для отдыха, отдаление от источников шума (дискотеки, дороги) позволяет Вам полноценно отдохнуть.\r\n</p>\r\n \r\n<p><div class=p2><u>Проживание:</u></div>\r\n<li><b>Номера разной степени комфортности на 2-4 человека.</b>\r\n<br /><b>В каждом номере:</b> телевизор, кондиционер, шкаф платяной, тумбочка прикроватная, журнальный столик.\r\n</p>\r\n \r\n<p><div class=p2><b>Питание:</b></div>\r\n<li>Полностью оборудованная кухня для самостоятельного приготовления пищи (2 газовые плиты,  2 холодильника, 2 мойки, микроволновая печь, разделочные столы), кафе-столовые рядом.\r\n</p>\r\n \r\n<p><div class=p2><b>На территории:</b></div>\r\n<li>Крытые беседки для отдыха;\r\n<li>столы, стулья, телевизор;\r\n<li>детская качель;\r\n<li>мангал.\r\n</p>\r\n \r\n<p><div class=\"p2\"><u><b>К Вашим услугам: </b></u></div>\r\n<b>Бесплатно:</b>\r\n<li>Трансферт (встреча-проводы с вокзалов Анапы).\r\n<li>Закрытая, освещаемая автостоянка.\r\n<li>Утюг, гладильная доска.\r\n<li>Мангал.\r\n</p>',NULL,NULL,NULL,NULL,7,'Питание:',NULL,2,NULL,1,NULL,'хозяин Михаил',3,-1,-1,-1,600,0,3,1,'<p><strong>Гостевой дом</strong> в курортном поселке Джемете, в первой курортной линии в 200 метрах от моря. От 600 руб. в сутки с человека.','images/homes/dj1/foto2.jpg'),
  (47,'images/homes/gd6/view7.jpg','Частная гостиница в центре Анапы. ОТ 800 РУБ. ЗА 3-МЕСТНЫЙ НОМЕР. до песчаного или галечного пляжей - 20 минут.','<center>\r\n    <table width=\"800\" border=\"0\">\r\n      <tr>\r\n        <td align=\"center\" style=\"font-size:32px;\" colspan=\"2\">Частная гостиница в центре Анапы </td>\r\n      </tr>\r\n\t  <tr>\r\n        <td><table width=\"768\" border=\"0\">\r\n          <tr>\r\n            <td width=\"325\" align=\"center\" style=\"color:#FF6600; font-size:24px\"><b>ОТ 800 РУБ. ЗА <br>\r\n            3-МЕСТНЫЙ НОМЕР</b> </td>\r\n            <td width=\"433\">недорого :: комфортно-&gt;мягкая мебель-&gt;качественное оборудование номеров:: территория-&gt;двор с садом-&gt;мангал:: бассейн :: бронь бесплатно :: встречаем <br/> \r\n\t\t    </td>\r\n            \r\n          </tr>\r\n        </table>\r\n\t\t<table width=\"768\" border=\"0\">\r\n          <tr valign=\"top\">\r\n            <td width=\"308\" align=\"center\"> \r\n              </td>\r\n            <td width=\"450\">\r\n\t\t\t  <table border=\"0\">\r\n          <tr>\r\n\t\t\t<td><img src=\"images/homes/gd6/view1s.jpg\" alt=\"Номер\" width=\"200\" height=\"150\" /></td>\r\n\t\t\t<td><img src=\"images/homes/gd6/view2s.jpg\" alt=\"Номер\" width=\"200\" height=\"150\" /></td>\r\n          </tr>\r\n        </table>\t\t\t</td>\r\n          </tr>\r\n        </table>\r\n\t\t</td>\r\n\t\t<td rowspan=\"3\" valign=\"top\"><br/><br/><br/><br/></td>\r\n      </tr>\r\n      <tr>\r\n        <td><table border=\"0\">\r\n          <tr>\r\n            <td style=\"font-size:16px;\" width=\"150\">Все опции, для  Вас и Вашей семьи </td>\r\n            <td><img src=\"images/homes/gd6/room2s.jpg\" alt=\"Номер\" width=\"200\" height=\"150\" /></td>\r\n\t\t\t<td><img src=\"images/homes/gd6/room4s.jpg\" alt=\"Номер\" width=\"200\" height=\"150\" /></td>\r\n\t\t\t<td><img src=\"images/homes/gd6/room5s.jpg\" alt=\"Номер\" width=\"200\" height=\"150\" /></td>\r\n          </tr>\r\n        </table></td>\r\n\t\t\r\n      </tr>\r\n      <tr>\r\n        <td>\r\n\t\t  <table border=\"0\">\r\n          <tr>\r\n            <td style=\"font-size:16px;\" width=\"150\">Отдых на пляже дополнится нашим уютом</td>\r\n            <td><img src=\"images/homes/gd6/view5s.jpg\" alt=\"Номер\" width=\"200\" height=\"150\" /></td>\r\n\t\t\t<td><img src=\"images/homes/gd6/view9s.jpg\" alt=\"Номер\" width=\"200\" height=\"150\" /></td>\r\n\t\t\t<td><img src=\"images/homes/gd6/view6s.jpg\" alt=\"Номер\" width=\"200\" height=\"150\" /></td>\r\n          </tr>\r\n        </table>\r\n\t\t</td>\r\n      </tr>\r\n    </table>\r\n  </center>',NULL,NULL,NULL,NULL,1,'Питание:',NULL,5,NULL,1,NULL,'администратор Владимир',4,-1,-1,-1,0,800,5,1,'Частная гостиница в центре Анапы. ОТ 800 РУБ. ЗА 3-МЕСТНЫЙ НОМЕР. до песчаного или галечного пляжей - 20 минут. недорого...','images/homes/gd6/view11.jpg'),
  (48,'images/homes/gd5/gd5_2.jpg','Гостевой дом у моря. Полулюксы на 2 места от 1200 руб.','Гостевой дом у моря. Полулюксы на 2 места от 1200 руб.',NULL,NULL,NULL,NULL,1,'Питание:',NULL,4,NULL,1,NULL,'зам. по продвижению',3,-1,-1,-1,600,0,1,1,'Гостевой дом у моря. Полулюксы на 2 места от 1200 руб.','images/homes/gd5/gd5_5.jpg'),
  (49,'images/homes/gd7/gd7_1.jpg','Частная гостиница в районе Высокого берега. Очень выгодно. До галечного пляжа 5 мин. От 1000 р. в сутки за 2-местн. номер.','Частная гостиница в районе Высокого берега. Стоянка, рядом роща с новым парком и аккуратной набережной. Очень выгодно. До галечного пляжа 5 мин. От 1000 р. в сутки за 2-местн. номер. Прекрасный вид на море рядом. Свой район с кафе и барами, недалеко супермаркет.',NULL,NULL,NULL,NULL,1,'Питание:',NULL,2,NULL,1,NULL,'Владимир',3,-1,-1,-1,500,1000,1,1,'Частная гостиница в районе Высокого берега. Очень выгодно. До галечного пляжа 5 мин. От 1000 р. в сутки за 2-местн. номер.','images/homes/gd7/gd7_5.jpg'),
  (50,'images/homes/gd8/gd8_6.jpg','Гостевой дом в центре города у побережья. От 1000 руб. за 2-местный номер.','Гостевой дом в центре города у побережья. От 1000 руб. за 2-местный номер. Рядом новая набережная и красивый парк с аллеей. Тихий малоэтажный район, много зелени, много магазинов.',NULL,NULL,NULL,NULL,7,'Питание:',NULL,5,NULL,1,NULL,'Владимир',4,-1,-1,-1,500,0,1,1,'Гостевой дом в центре города у побережья. От 1000 руб. за 2-местный номер.','images/homes/gd8/gd8_5.jpg'),
  (51,'images/homes/gd10/gd10_6.jpg','Новая комфортабельная гостиница в пригороде Анапы. Перевозки к морю бесплатно. Все опции. Рядом знаменитые плажи Пионерского проспекта...','Новая комфортабельная гостиница расположена в 3,5 км от\r\nморя (ежедневные перевозки, )\r\n в пригороде Анапы. Благопрятный климат, знаменитые прекрасные пляжи из чистого \r\nкварцевого песка (Пионерский проспект), лечебные грязи, замечательные\r\nприморские пейзажи, изобилие фруктов и овощей - все создает благоприятные\r\nусловия для детско-юношеского спортивно-оздоровительного и семейного\r\nотдыха. 2-комн номеров люкс, вкаждом номере: односпальные и двуспальные кровати,\r\nдиван, комод, шкаф, стол со стульями, холодильник, телевизор, сплитсистема.\r\nВ каждом номере полный санузел (горячая вода). Услуги, входящие в стоимость проживания:\r\nигровая детская плошадка; \r\nбильярд; \r\nнастольный теннис; \r\nбассейн; \r\nмаршрутное такси на пляж; \r\nавтостоянка.\r\n\r\nОбъекты, расп. на территории, не вход. встоимость проживания:\r\n столоая, орг. комплексное 3-х раз. питание; кафе-бар; сауна.',NULL,NULL,NULL,NULL,1,'Питание:',NULL,3,NULL,1,NULL,'Владимир',3,-1,-1,-1,0,0,1,1,'Новая комфортабельная гостиница в пригороде Анапы. Перевозки к морю бесплатно. Все опции. Рядом знаменитые плажи Пионерского проспекта...','images/homes/gd10/gd10_7.jpg'),
  (52,'images/homes/gd9/gd9_3.jpg','ОЧЕНЬ ВЫГОДНО.Новая комфортабельная гостиница в 10 мин от моря. От 650 руб. в сутки с человека.','Новая комфортабельная гостиница в 10 мин от моря. Все условия: своя оборудованая кухня, комфортабельные меблированные номера, бассейн, стоянка, все условия.  От 650 руб. в сутки с человека.',NULL,NULL,NULL,NULL,1,'Питание:',NULL,15,NULL,1,NULL,'Владимир',4,-1,-1,-1,650,1300,15,0,'Новая комфортабельная гостиница в 10 мин от моря. От 650 руб. в сутки с человека.','images/homes/gd9/gd9_2.jpg'),
  (53,'images/private_sect/pr2/pr2_2.jpg','Частное владение в центре города.2-4 местные номера. До моря 5 мин. От 250 руб. с человека.','Частное владение в центре Анапы.2-4 местные номера. До моря 5 мин. От 250 руб. с человека. Стоянка для сашин. И большая столовая. Рядом парк и набережная, много магазинов. Тихий район. Удобства на каждом этаже: душ и санузел. ',NULL,NULL,NULL,NULL,6,'Питание:',NULL,1,NULL,0,NULL,'Андрей, Карина',2,-1,-1,-1,250,0,4,1,'Частное владение в центре города.2-4 местные номера. До моря 5 мин. От 250 руб. с человека.','images/private_sect/pr2/pr2_2.jpg'),
  (54,'images/private_sect/pr3/pr3_4.jpg','Частное владение в центре города. Комнаты в частном доме, свой уютный двор. До песчаного пляжа меньше 5 минут. Цена от 200 руб. с человека.','Частное владение в центре города. Комнаты в частном доме, свой уютный двор. До песчаного пляжа меньше 5 минут. Аккуратный, утопающий в зелени центр города. Вокруг все развлечения, магазины, коммуникации, транспорт. Цена от 200 руб. с человека.',NULL,NULL,NULL,NULL,6,'Питание:',NULL,2,NULL,1,NULL,'владелец Александр',3,-1,-1,-1,200,0,4,0,'Частное владение в центре города. Комнаты в частном доме, свой уютный двор. До песчаного пляжа меньше 5 минут. Цена от 200 руб. с человека.','images/private_sect/pr3/pr3_3.jpg'),
  (55,'images/hotels/mh1/mh1_8.jpg','Частная гостиница.в спальном районе Анапы. До моря 10 мин на гор. транспорте. 2-4 местные номера, стоянка, территория, все условия и ОЧЕНЬ НЕДОРОГО (от 250 руб. с человека)','Частная гостиница.в спальном районе Анапы. До моря 10 мин на гор. транспорте. 2-4 местные номера, стоянка, территория, ухоженный двор с садом и мангалом, номера с душем и санузлом, есть кухня,  все условия и ОЧЕНЬ НЕДОРОГО (от 250 руб. с человека).\r\nочень удобно для тех, кто с своим транспортом и хочет недорого отдохнуть.',NULL,NULL,NULL,NULL,1,'Питание:',NULL,3,NULL,1,NULL,'Владельцы Оксана и Игорь',3,-1,-1,-1,0,0,3,1,'Частная гостиница.в спальном районе Анапы. До моря 10 мин на гор. транспорте. 2-4 местные номера, стоянка, территория, все условия и ОЧЕНЬ НЕДОРОГО (от 250 руб. с человека)','images/hotels/mh1/mh1_5.jpg'),
  (56,'images/homes/gd12/gd12_1.jpg','Частное владение в центре города. Широкий спектр вариантов. До моря 5 минут. Отдельные номера. От 250 руб. с чел. в сутки.','Частное владение в центре города. Широкий спектр вариантов проживания. 2,3,4 - местные номера. Кухня, стоянка, телевизор, аккуратный район - непосредственно центр Анапы. Рядом магазины и вся инфраструктура. До моря 5 минут. Отдельные номера. От 250 руб. с чел. в сутки.',NULL,NULL,NULL,NULL,7,'Питание:',NULL,5,NULL,1,NULL,'нет данных',4,-1,1,-1,250,0,3,1,'Частное владение в центре города. Широкий спектр вариантов. До моря 5 минут. Отдельные номера. От 250 руб. с чел. в сутки.','images/homes/gd12/gd12_11.jpg'),
  (57,'images/homes/gd13/gd13_7.jpg','Новая частная минигостиница со всеми условиями в пригороде Анапы. До моря 20 мин. или на гор. транспорте. От 300 руб. в сутки.','Новая частная минигостиница со всеми условиями в пригороде Анапы. До моря 20 мин. или на гор. транспорте. От 300 руб. в сутки. Просторный двор, современные номера и столовая с кухней. Телевизор, кондиционер, стоянка. Очень удобно для тех, кто с машиной. Тихий район Анапы.',NULL,NULL,NULL,NULL,1,'Питание:',NULL,3,NULL,0,NULL,'Ольга, Людмила',3,-1,-1,-1,0,0,5,1,'Новая частная минигостиница со всеми условиями в пригороде Анапы. До моря 20 мин. или на гор. транспорте. От 300 руб. в сутки.','images/homes/gd13/gd13_9.jpg'),
  (58,'images/hotels/mh4/mh4_7.jpg','Отличный отель со всеми опциями около песчаного пляжа. пос. Джемете. Просторный оборудованый двор, море 10 метров. Качественный домашний сервис, все для отдыха с детьми.','<p class=\"text\">                  1. расположена \r\n                    в престижном районе города Анапа – Джемете<br>\r\n                    2. загородная зона, песчаный пляж<br>\r\n                    3. до моря – 50 метров<br>\r\n                    4. до аэропорта – 5 км.<br>\r\n                    5. до ж/д вокзала – 2 км.<br>\r\n                    6. до автовокзала – 7 км.</p>\r\n                  <p class=\"text\"><span class=\"sel-text\">Размещение</span><br>\r\n                    1. 4 двухкомнатных номера типа люкс<br>\r\n                    2. 6 однокомнатных номеров типа стандарт<br>\r\n                    3. 11 однокомнатных номеров типа люкс</p>\r\n                  <p class=\"text\"><span class=\"sel-text\">К услугам гостей</span><br>\r\n                    1. Экскурсионная программа <br>\r\n                    2. Аренда яхты и катера <br>\r\n                    3. Прокат спортинвентаря <br>\r\n                    4. Настольный теннис   <br>\r\n                    5. Прачечная<br>\r\n                    6. Уборка номера - раз в три дня, смена белья - раз в шесть дней. <br>\r\n                    7\r\n                    .&nbsp;Общая кухня для приготовления и питания по заявкам <br>\r\n                    8\r\n                    .&nbsp;Отдельный двор <br>\r\n                    9. Бесплатная дегустация краснодарских вин. <br>\r\n                    10. По желанию отдыхающих организация дня рождения для ребёнка. <br>\r\n                    11. Мангал для приготовления шашлыка. <br>\r\n                    12. Предоставляется место для стоянки машины</p>\r\n<div align=\"center\"><strong>Краснодарский \r\n                        край, г. Анапа<br>\r\n                        Джемете<br>\r\n                        ул. Морская, д.19а/1<br>\r\n                        тел. 8-(86133)-30879, 30877 <br>\r\n  <span class=\"style17\">8-(918)-631-46-36</span><br>\r\n  <a href=\"mailto:djemete_anapa@mail.ru\" class=\"text-link\">Написать \r\n    письмо </a></strong></div>',NULL,NULL,NULL,NULL,1,'Питание:',NULL,4,NULL,1,NULL,'нет данных',2,10,1,1,0,0,2,1,'Отличный отель со всеми опциями около песчаного пляжа. пос. Джемете. Просторный оборудованый двор, море 10 метров. Качественный домашний сервис, все для отдыха с детьми.','images/hotels/mh4/mh4_1.jpg'),
  (59,'images/homes/gd14/gd14_6.jpg','Комнаты в частном гостевом доме в курортном поселке Сукко в 15 мин от моря. От 400 руб. с человека. 2-3-4 местные номера.','<p>Комнаты без посредников на 2-3-4 чел май,июнь-250 руб,\r\nИюль,август-400 руб.До моря 15 мин.пешком по зелёной аллее.\r\nПляж галечный.По пути на пляж есть кафе,столовая, диско-бар.\r\nВ самом посёлке есть 3 продуктовых магазина. Рядом Утришский\r\nДельфинарий. Питание самостоятельное,во дворе 2 летние кухни,2 газовые плиты.\t\r\nТихий уютный двор. Есть место для парковки.</p>\r\n<p>Чтобы забронировать место нужна предоплата 1000 руб. на имя Исаевой Елизаветы Камаловны р/счёт:42307.810.8.3004.4050087.г.Анапа,ул Горького72,Анапское ОСБ 1804/00021.Адрес г.Анапа,Сукко1,пос.Пионерный,ул.Строителей д 21.</p>\r\nКонт. тел:<br/>\r\n8-918-365-32-24 Лиза.<br/>\r\n8-918-647-36-83 Римма Алексеевна.\r\n',NULL,NULL,NULL,NULL,7,'Питание:',NULL,5,NULL,1,NULL,'нет данных',7,7,1,2,400,0,5,1,'Комнаты в частном гостевом доме в курортном поселке Сукко в 15 мин от моря. От 400 руб. с человека. 2-3-4 местные номера.','images/homes/gd14/gd14_12.jpg'),
  (61,'images/homes/gd15/gd15_1.jpg','Комнаты в частном секторе в курортном поселке Сукко в 15 мин от моря. От 300 руб. с человека. 2-3-4 местные номера.','Частный сектор в Сукко<br/>\r\nАдрес: п. Сукко 1.<br/>\r\n\r\nТел. 8 (918) 46-34-287, Герман.<br/>\r\n\r\nНомера 2-х, 3-х, 4-х местные.<br/>\r\n\r\nУсловия на 2-3 номера.<br/>\r\n\r\nЦена с чел. 150-300 руб.<br/>\r\n\r\nРасстояние до моря: 15 мин. пешком.<br/>\r\n\r\nАвтостоянка есть, бесплатно.<br/>\r\n\r\nВстречаем.<br/>\r\n\r\nПитание: кухня самообслуживание, по желанию в кафе.<br/>\r\n\r\n<p>Уютный тихий двор, усаженный цветами. Фруктовый сад. Находиться в самом начале Сукко, продуктовый магазин 30 метров. Заповедная зона Сукко. По желанию организуем экскурсии, грязевые вулканы, дольмены, винные подвалы, горные прогулки на конях, зоопарк. </p>',NULL,NULL,NULL,NULL,6,'Питание:',NULL,4,NULL,1,NULL,'нет данных',7,7,1,2,300,0,5,1,'Комнаты в частном секторе в курортном поселке Сукко в 15 мин от моря. От 300 руб. с человека. 2-3-4 местные номера.','images/homes/gd15/gd15_9.jpg');
COMMIT;

#
# Data for the `hotels_options` table  (LIMIT -243,500)
#

INSERT INTO `hotels_options` (`hotel_num`, `so_id`) VALUES 
  (17,7),
  (17,27),
  (19,27),
  (19,7),
  (1,7),
  (1,22),
  (19,20),
  (1,12),
  (1,26),
  (1,20),
  (1,24),
  (1,27),
  (1,28),
  (8,20),
  (15,20),
  (15,22),
  (10,1),
  (10,6),
  (10,20),
  (10,22),
  (12,26),
  (12,7),
  (12,27),
  (12,28),
  (12,20),
  (18,27),
  (18,7),
  (20,20),
  (20,27),
  (21,7),
  (21,22),
  (21,27),
  (21,20),
  (45,2),
  (45,33),
  (45,11),
  (45,31),
  (45,36),
  (45,50),
  (45,59),
  (45,10),
  (40,35),
  (40,2),
  (40,20),
  (40,10),
  (40,45),
  (40,31),
  (47,2),
  (47,4),
  (47,9),
  (47,10),
  (47,11),
  (47,14),
  (47,20),
  (47,22),
  (47,36),
  (47,45),
  (47,48),
  (47,53),
  (47,62),
  (47,63),
  (41,19),
  (41,4),
  (41,7),
  (41,8),
  (41,9),
  (41,10),
  (41,11),
  (41,14),
  (41,20),
  (41,22),
  (41,24),
  (41,35),
  (41,36),
  (41,45),
  (41,46),
  (41,48),
  (41,50),
  (41,53),
  (41,57),
  (41,59),
  (48,2),
  (48,4),
  (48,7),
  (48,10),
  (48,11),
  (48,14),
  (48,20),
  (48,29),
  (48,31),
  (48,33),
  (48,35),
  (48,36),
  (48,44),
  (48,46),
  (48,48),
  (48,53),
  (48,57),
  (48,59),
  (48,62),
  (49,2),
  (49,4),
  (49,10),
  (49,14),
  (49,29),
  (49,31),
  (49,33),
  (49,35),
  (49,36),
  (49,44),
  (49,46),
  (49,53),
  (49,59),
  (49,62),
  (50,2),
  (50,4),
  (50,10),
  (50,11),
  (50,14),
  (50,20),
  (50,29),
  (50,31),
  (50,33),
  (50,35),
  (50,36),
  (50,44),
  (50,45),
  (50,46),
  (50,48),
  (50,53),
  (50,59),
  (50,62),
  (50,63),
  (51,2),
  (51,4),
  (51,7),
  (51,10),
  (51,12),
  (51,14),
  (51,20),
  (51,22),
  (51,29),
  (51,35),
  (51,36),
  (51,45),
  (51,46),
  (51,53),
  (51,59),
  (51,62),
  (51,63),
  (52,2),
  (52,4),
  (52,7),
  (52,10),
  (52,12),
  (52,14),
  (52,20),
  (52,22),
  (52,29),
  (52,31),
  (52,35),
  (52,36),
  (52,44),
  (52,45),
  (52,46),
  (52,48),
  (52,53),
  (52,57),
  (52,59),
  (52,62),
  (53,2),
  (53,10),
  (53,11),
  (53,14),
  (53,20),
  (53,31),
  (53,33),
  (53,35),
  (53,36),
  (53,44),
  (53,46),
  (53,63),
  (54,2),
  (54,10),
  (54,11),
  (54,14),
  (54,20),
  (54,34),
  (54,29),
  (54,31),
  (54,33),
  (54,35),
  (54,36),
  (54,44),
  (54,45),
  (54,46),
  (54,50),
  (55,2),
  (55,4),
  (55,10),
  (55,14),
  (55,20),
  (55,31),
  (55,33),
  (55,35),
  (55,36),
  (55,45),
  (55,46),
  (55,59),
  (55,63),
  (59,2),
  (59,11),
  (59,10),
  (59,14),
  (59,20),
  (59,31),
  (59,33),
  (59,35),
  (59,36),
  (59,44),
  (59,45),
  (61,2),
  (61,10),
  (61,11),
  (61,14),
  (61,29),
  (61,31),
  (61,33),
  (61,35),
  (61,36),
  (61,44),
  (61,45),
  (61,63),
  (59,63),
  (58,1),
  (58,4),
  (58,2),
  (58,7),
  (58,8),
  (58,10),
  (58,11),
  (58,14),
  (58,20),
  (58,31),
  (58,33),
  (58,35),
  (58,36),
  (58,44),
  (58,45),
  (58,46),
  (58,48),
  (58,50),
  (58,53),
  (58,59),
  (58,62),
  (58,63);
COMMIT;

#
# Data for the `image_content` table  (LIMIT -193,500)
#

INSERT INTO `image_content` (`filename`, `comment`, `hotel_num`, `rooms_id`, `heigth`, `width`, `ph_gallery_id`, `short_t`, `priority`) VALUES 
  ('images/gallery/anapa_center/ac_1.jpg','No comment',NULL,NULL,0,0,1,'Водный аттракцион',0),
  ('images/gallery/anapa_center/ac_10.jpg','No comment',NULL,NULL,0,0,1,NULL,0),
  ('images/gallery/anapa_center/ac_11.jpg','No comment',NULL,NULL,0,0,1,NULL,0),
  ('images/gallery/anapa_center/ac_12.jpg','No comment',NULL,NULL,0,0,1,NULL,0),
  ('images/gallery/anapa_center/ac_13.jpg','No comment',NULL,NULL,0,0,1,NULL,0),
  ('images/gallery/anapa_center/ac_14.jpg','No comment',NULL,NULL,0,0,1,NULL,0),
  ('images/gallery/anapa_center/ac_15.jpg','No comment',NULL,NULL,0,0,1,NULL,0),
  ('images/gallery/anapa_center/ac_16.jpg','No comment',NULL,NULL,0,0,1,NULL,0),
  ('images/gallery/anapa_center/ac_17.jpg','No comment',NULL,NULL,0,0,1,NULL,0),
  ('images/gallery/anapa_center/ac_18.jpg','No comment',NULL,NULL,0,0,1,NULL,0),
  ('images/gallery/anapa_center/ac_19.jpg','No comment',NULL,NULL,0,0,1,NULL,0),
  ('images/gallery/anapa_center/ac_2.jpg','No comment',NULL,NULL,0,0,1,NULL,0),
  ('images/gallery/anapa_center/ac_20.jpg','No comment',NULL,NULL,0,0,1,NULL,0),
  ('images/gallery/anapa_center/ac_21.jpg','No comment',NULL,NULL,0,0,1,NULL,0),
  ('images/gallery/anapa_center/ac_22.jpg','No comment',NULL,NULL,0,0,1,NULL,0),
  ('images/gallery/anapa_center/ac_23.jpg','No comment',NULL,NULL,0,0,1,NULL,0),
  ('images/gallery/anapa_center/ac_24.jpg','No comment',NULL,NULL,0,0,1,NULL,0),
  ('images/gallery/anapa_center/ac_25.jpg','No comment',NULL,NULL,0,0,1,NULL,0),
  ('images/gallery/anapa_center/ac_26.jpg','No comment',NULL,NULL,0,0,1,NULL,0),
  ('images/gallery/anapa_center/ac_27.jpg','No comment',NULL,NULL,0,0,1,NULL,0),
  ('images/gallery/anapa_center/ac_28.jpg','No comment',NULL,NULL,0,0,1,NULL,0),
  ('images/gallery/anapa_center/ac_29.jpg','No comment',NULL,NULL,0,0,1,NULL,0),
  ('images/gallery/anapa_center/ac_3.jpg','No comment',NULL,NULL,0,0,1,NULL,0),
  ('images/gallery/anapa_center/ac_30.jpg','No comment',NULL,NULL,0,0,1,NULL,0),
  ('images/gallery/anapa_center/ac_31.jpg','No comment',NULL,NULL,0,0,1,NULL,0),
  ('images/gallery/anapa_center/ac_32.jpg','No comment',NULL,NULL,0,0,1,NULL,0),
  ('images/gallery/anapa_center/ac_33.jpg','No comment',NULL,NULL,0,0,1,NULL,0),
  ('images/gallery/anapa_center/ac_34.jpg','No comment',NULL,NULL,0,0,1,NULL,0),
  ('images/gallery/anapa_center/ac_35.jpg','No comment',NULL,NULL,0,0,1,NULL,0),
  ('images/gallery/anapa_center/ac_36.jpg','No comment',NULL,NULL,0,0,1,NULL,0),
  ('images/gallery/anapa_center/ac_37.jpg','No comment',NULL,NULL,0,0,1,NULL,0),
  ('images/gallery/anapa_center/ac_38.jpg','No comment',NULL,NULL,0,0,1,NULL,0),
  ('images/gallery/anapa_center/ac_39.jpg','No comment',NULL,NULL,0,0,1,NULL,0),
  ('images/gallery/anapa_center/ac_4.jpg','No comment',NULL,NULL,0,0,1,NULL,0),
  ('images/gallery/anapa_center/ac_5.jpg','No comment',NULL,NULL,0,0,1,NULL,0),
  ('images/gallery/anapa_center/ac_6.jpg','No comment',NULL,NULL,0,0,1,NULL,0),
  ('images/gallery/anapa_center/ac_7.jpg','No comment',NULL,NULL,0,0,1,NULL,0),
  ('images/gallery/anapa_center/ac_8.jpg','No comment',NULL,NULL,0,0,1,NULL,0),
  ('images/gallery/anapa_center/ac_9.jpg','No comment',NULL,NULL,0,0,1,NULL,0),
  ('images/gallery/anapa_sea/asea_1.jpg','No comment',NULL,NULL,0,0,5,NULL,0),
  ('images/gallery/anapa_sea/asea_10.jpg','No comment',NULL,NULL,0,0,5,NULL,0),
  ('images/gallery/anapa_sea/asea_11.jpg','No comment',NULL,NULL,0,0,5,NULL,0),
  ('images/gallery/anapa_sea/asea_12.jpg','No comment',NULL,NULL,0,0,5,NULL,0),
  ('images/gallery/anapa_sea/asea_13.jpg','No comment',NULL,NULL,0,0,5,NULL,0),
  ('images/gallery/anapa_sea/asea_14.jpg','No comment',NULL,NULL,0,0,5,NULL,0),
  ('images/gallery/anapa_sea/asea_15.jpg','No comment',NULL,NULL,0,0,5,NULL,0),
  ('images/gallery/anapa_sea/asea_2.jpg','No comment',NULL,NULL,0,0,5,NULL,0),
  ('images/gallery/anapa_sea/asea_3.jpg','No comment',NULL,NULL,0,0,5,NULL,0),
  ('images/gallery/anapa_sea/asea_4.jpg','No comment',NULL,NULL,0,0,5,NULL,0),
  ('images/gallery/anapa_sea/asea_5.jpg','No comment',NULL,NULL,0,0,5,NULL,0),
  ('images/gallery/anapa_sea/asea_6.jpg','No comment',NULL,NULL,0,0,5,NULL,0),
  ('images/gallery/anapa_sea/asea_7.jpg','No comment',NULL,NULL,0,0,5,NULL,0),
  ('images/gallery/anapa_sea/asea_8.jpg','No comment',NULL,NULL,0,0,5,NULL,0),
  ('images/gallery/anapa_sea/asea_9.jpg','No comment',NULL,NULL,0,0,5,NULL,0),
  ('images/gallery/aquaparks/aqua_1.jpg','No comment',NULL,NULL,0,0,6,NULL,0),
  ('images/gallery/aquaparks/aqua_10.jpg','No comment',NULL,NULL,0,0,6,NULL,0),
  ('images/gallery/aquaparks/aqua_11.jpg','No comment',NULL,NULL,0,0,6,NULL,0),
  ('images/gallery/aquaparks/aqua_12.jpg','No comment',NULL,NULL,0,0,6,NULL,0),
  ('images/gallery/aquaparks/aqua_13.jpg','No comment',NULL,NULL,0,0,6,NULL,0),
  ('images/gallery/aquaparks/aqua_14.jpg','No comment',NULL,NULL,0,0,6,NULL,0),
  ('images/gallery/aquaparks/aqua_15.jpg','No comment',NULL,NULL,0,0,6,NULL,0),
  ('images/gallery/aquaparks/aqua_16.jpg','No comment',NULL,NULL,0,0,6,NULL,0),
  ('images/gallery/aquaparks/aqua_17.jpg','No comment',NULL,NULL,0,0,6,NULL,0),
  ('images/gallery/aquaparks/aqua_2.jpg','No comment',NULL,NULL,0,0,6,NULL,0),
  ('images/gallery/aquaparks/aqua_3.jpg','No comment',NULL,NULL,0,0,6,NULL,0),
  ('images/gallery/aquaparks/aqua_4.jpg','No comment',NULL,NULL,0,0,6,NULL,0),
  ('images/gallery/aquaparks/aqua_5.jpg','No comment',NULL,NULL,0,0,6,NULL,0),
  ('images/gallery/aquaparks/aqua_6.jpg','No comment',NULL,NULL,0,0,6,NULL,0),
  ('images/gallery/aquaparks/aqua_7.jpg','No comment',NULL,NULL,0,0,6,NULL,0),
  ('images/gallery/aquaparks/aqua_8.jpg','No comment',NULL,NULL,0,0,6,NULL,0),
  ('images/gallery/aquaparks/aqua_9.jpg','No comment',NULL,NULL,0,0,6,NULL,0),
  ('images/gallery/beaches/bch_1.jpg','No comment',NULL,NULL,0,0,7,NULL,0),
  ('images/gallery/beaches/bch_2.jpg','No comment',NULL,NULL,0,0,7,NULL,0),
  ('images/gallery/beaches/bch_3.jpg','No comment',NULL,NULL,0,0,7,NULL,0),
  ('images/gallery/beaches/bch_4.jpg','No comment',NULL,NULL,0,0,7,NULL,0),
  ('images/gallery/beaches/bch_5.jpg','No comment',NULL,NULL,0,0,7,NULL,0),
  ('images/gallery/beaches/bch_6.jpg','No comment',NULL,NULL,0,0,7,NULL,0),
  ('images/gallery/beaches/bch_7.jpg','No comment',NULL,NULL,0,0,7,NULL,0),
  ('images/gallery/before_summer/befs.jpg','',NULL,NULL,0,0,18,NULL,0),
  ('images/gallery/before_summer/befs10.jpg','',NULL,NULL,0,0,18,NULL,0),
  ('images/gallery/before_summer/befs11.jpg','',NULL,NULL,0,0,18,NULL,0),
  ('images/gallery/before_summer/befs12.jpg','',NULL,NULL,0,0,18,NULL,0),
  ('images/gallery/before_summer/befs13.jpg','',NULL,NULL,0,0,18,NULL,0),
  ('images/gallery/before_summer/befs2.jpg','',NULL,NULL,0,0,18,NULL,0),
  ('images/gallery/before_summer/befs3.jpg','',NULL,NULL,0,0,18,NULL,0),
  ('images/gallery/before_summer/befs4.jpg','',NULL,NULL,0,0,18,NULL,0),
  ('images/gallery/before_summer/befs5.jpg','',NULL,NULL,0,0,18,NULL,0),
  ('images/gallery/before_summer/befs6.jpg','',NULL,NULL,0,0,18,NULL,0),
  ('images/gallery/before_summer/befs7.jpg','',NULL,NULL,0,0,18,NULL,0),
  ('images/gallery/before_summer/befs8.jpg','',NULL,NULL,0,0,18,NULL,0),
  ('images/gallery/before_summer/befs9.jpg','',NULL,NULL,0,0,18,NULL,0),
  ('images/gallery/break/hbr_1.jpg','No comment',NULL,NULL,0,0,8,NULL,0),
  ('images/gallery/break/hbr_10.jpg','No comment',NULL,NULL,0,0,8,NULL,0),
  ('images/gallery/break/hbr_11.jpg','No comment',NULL,NULL,0,0,8,NULL,0),
  ('images/gallery/break/hbr_12.jpg','No comment',NULL,NULL,0,0,8,NULL,0),
  ('images/gallery/break/hbr_13.jpg','No comment',NULL,NULL,0,0,8,NULL,0),
  ('images/gallery/break/hbr_14.jpg','No comment',NULL,NULL,0,0,8,NULL,0),
  ('images/gallery/break/hbr_15.jpg','No comment',NULL,NULL,0,0,8,NULL,0),
  ('images/gallery/break/hbr_16.jpg','No comment',NULL,NULL,0,0,8,NULL,0),
  ('images/gallery/break/hbr_2.jpg','No comment',NULL,NULL,0,0,8,NULL,0),
  ('images/gallery/break/hbr_3.jpg','No comment',NULL,NULL,0,0,8,NULL,0),
  ('images/gallery/break/hbr_4.jpg','No comment',NULL,NULL,0,0,8,NULL,0),
  ('images/gallery/break/hbr_5.jpg','No comment',NULL,NULL,0,0,8,NULL,0),
  ('images/gallery/break/hbr_6.jpg','No comment',NULL,NULL,0,0,8,NULL,0),
  ('images/gallery/break/hbr_7.jpg','No comment',NULL,NULL,0,0,8,NULL,0),
  ('images/gallery/break/hbr_8.jpg','No comment',NULL,NULL,0,0,8,NULL,0),
  ('images/gallery/break/hbr_9.jpg','No comment',NULL,NULL,0,0,8,NULL,0),
  ('images/gallery/diff/diff_1.jpg','No comment',NULL,NULL,0,0,9,NULL,0),
  ('images/gallery/diff/diff_10.jpg','No comment',NULL,NULL,0,0,9,NULL,0),
  ('images/gallery/diff/diff_11.jpg','No comment',NULL,NULL,0,0,9,NULL,0),
  ('images/gallery/diff/diff_12.jpg','No comment',NULL,NULL,0,0,9,NULL,0),
  ('images/gallery/diff/diff_13.jpg','No comment',NULL,NULL,0,0,9,NULL,0),
  ('images/gallery/diff/diff_14.jpg','No comment',NULL,NULL,0,0,9,NULL,0),
  ('images/gallery/diff/diff_15.jpg','No comment',NULL,NULL,0,0,9,NULL,0),
  ('images/gallery/diff/diff_16.jpg','No comment',NULL,NULL,0,0,9,NULL,0),
  ('images/gallery/diff/diff_17.jpg','No comment',NULL,NULL,0,0,9,NULL,0),
  ('images/gallery/diff/diff_18.jpg','No comment',NULL,NULL,0,0,9,NULL,0),
  ('images/gallery/diff/diff_19.jpg','No comment',NULL,NULL,0,0,9,NULL,0),
  ('images/gallery/diff/diff_2.jpg','No comment',NULL,NULL,0,0,9,NULL,0),
  ('images/gallery/diff/diff_20.jpg','No comment',NULL,NULL,0,0,9,NULL,0),
  ('images/gallery/diff/diff_21.jpg','No comment',NULL,NULL,0,0,9,NULL,0),
  ('images/gallery/diff/diff_22.jpg','No comment',NULL,NULL,0,0,9,NULL,0),
  ('images/gallery/diff/diff_23.jpg','No comment',NULL,NULL,0,0,9,NULL,0),
  ('images/gallery/diff/diff_24.jpg','No comment',NULL,NULL,0,0,9,NULL,0),
  ('images/gallery/diff/diff_25.jpg','No comment',NULL,NULL,0,0,9,NULL,0),
  ('images/gallery/diff/diff_26.jpg','No comment',NULL,NULL,0,0,9,NULL,0),
  ('images/gallery/diff/diff_27.jpg','No comment',NULL,NULL,0,0,9,NULL,0),
  ('images/gallery/diff/diff_28.jpg','No comment',NULL,NULL,0,0,9,NULL,0),
  ('images/gallery/diff/diff_29.jpg','No comment',NULL,NULL,0,0,9,NULL,0),
  ('images/gallery/diff/diff_3.jpg','No comment',NULL,NULL,0,0,9,NULL,0),
  ('images/gallery/diff/diff_30.jpg','No comment',NULL,NULL,0,0,9,NULL,0),
  ('images/gallery/diff/diff_31.jpg','No comment',NULL,NULL,0,0,9,NULL,0),
  ('images/gallery/diff/diff_32.jpg','No comment',NULL,NULL,0,0,9,NULL,0),
  ('images/gallery/diff/diff_33.jpg','No comment',NULL,NULL,0,0,9,NULL,0),
  ('images/gallery/diff/diff_34.jpg','No comment',NULL,NULL,0,0,9,NULL,0),
  ('images/gallery/diff/diff_35.jpg','No comment',NULL,NULL,0,0,9,NULL,0),
  ('images/gallery/diff/diff_36.jpg','No comment',NULL,NULL,0,0,9,NULL,0),
  ('images/gallery/diff/diff_37.jpg','No comment',NULL,NULL,0,0,9,NULL,0),
  ('images/gallery/diff/diff_38.jpg','No comment',NULL,NULL,0,0,9,NULL,0),
  ('images/gallery/diff/diff_39.jpg','No comment',NULL,NULL,0,0,9,NULL,0),
  ('images/gallery/diff/diff_4.jpg','No comment',NULL,NULL,0,0,9,NULL,0),
  ('images/gallery/diff/diff_40.jpg','No comment',NULL,NULL,0,0,9,NULL,0),
  ('images/gallery/diff/diff_41.jpg','No comment',NULL,NULL,0,0,9,NULL,0),
  ('images/gallery/diff/diff_42.jpg','No comment',NULL,NULL,0,0,9,NULL,0),
  ('images/gallery/diff/diff_43.jpg','No comment',NULL,NULL,0,0,9,NULL,0),
  ('images/gallery/diff/diff_5.jpg','No comment',NULL,NULL,0,0,9,NULL,0),
  ('images/gallery/diff/diff_6.jpg','No comment',NULL,NULL,0,0,9,NULL,0),
  ('images/gallery/diff/diff_7.jpg','No comment',NULL,NULL,0,0,9,NULL,0),
  ('images/gallery/diff/diff_8.jpg','No comment',NULL,NULL,0,0,9,NULL,0),
  ('images/gallery/diff/diff_9.jpg','No comment',NULL,NULL,0,0,9,NULL,0),
  ('images/gallery/fam/fam_1.jpg','No comment',NULL,NULL,0,0,10,NULL,0),
  ('images/gallery/fam/fam_2.jpg','No comment',NULL,NULL,0,0,10,NULL,0),
  ('images/gallery/fam/fam_3.jpg','No comment',NULL,NULL,0,0,10,NULL,0),
  ('images/gallery/fam/fam_4.jpg','No comment',NULL,NULL,0,0,10,NULL,0),
  ('images/gallery/fire/fire1.jpg','No comment',NULL,NULL,0,0,16,NULL,0),
  ('images/gallery/fire/fire10.jpg','No comment',NULL,NULL,0,0,16,NULL,0),
  ('images/gallery/fire/fire11.jpg','No comment',NULL,NULL,0,0,16,NULL,0),
  ('images/gallery/fire/fire12.jpg','No comment',NULL,NULL,0,0,16,NULL,0),
  ('images/gallery/fire/fire13.jpg','No comment',NULL,NULL,0,0,16,NULL,0),
  ('images/gallery/fire/fire14.jpg','No comment',NULL,NULL,0,0,16,NULL,0),
  ('images/gallery/fire/fire15.jpg','No comment',NULL,NULL,0,0,16,NULL,0),
  ('images/gallery/fire/fire16.jpg','No comment',NULL,NULL,0,0,16,NULL,0),
  ('images/gallery/fire/fire17.jpg','No comment',NULL,NULL,0,0,16,NULL,0),
  ('images/gallery/fire/fire18.jpg','No comment',NULL,NULL,0,0,16,NULL,0),
  ('images/gallery/fire/fire19.jpg','No comment',NULL,NULL,0,0,16,NULL,0),
  ('images/gallery/fire/fire2.jpg','No comment',NULL,NULL,0,0,16,NULL,0),
  ('images/gallery/fire/fire3.jpg','No comment',NULL,NULL,0,0,16,NULL,0),
  ('images/gallery/fire/fire5.jpg','No comment',NULL,NULL,0,0,16,NULL,0),
  ('images/gallery/fire/fire6.jpg','No comment',NULL,NULL,0,0,16,NULL,0),
  ('images/gallery/fire/fire7.jpg','No comment',NULL,NULL,0,0,16,NULL,0),
  ('images/gallery/fire/fire8.jpg','No comment',NULL,NULL,0,0,16,NULL,0),
  ('images/gallery/fire/fire9.jpg','No comment',NULL,NULL,0,0,16,NULL,0),
  ('images/gallery/go_summer/gos_1.jpg','',NULL,NULL,0,0,19,NULL,0),
  ('images/gallery/go_summer/gos_10.jpg','',NULL,NULL,0,0,19,NULL,0),
  ('images/gallery/go_summer/gos_11.jpg','',NULL,NULL,0,0,19,NULL,0),
  ('images/gallery/go_summer/gos_12.jpg','',NULL,NULL,0,0,19,NULL,0),
  ('images/gallery/go_summer/gos_13.jpg','',NULL,NULL,0,0,19,NULL,0),
  ('images/gallery/go_summer/gos_14.jpg','',NULL,NULL,0,0,19,NULL,0),
  ('images/gallery/go_summer/gos_15.jpg','',NULL,NULL,0,0,19,NULL,0),
  ('images/gallery/go_summer/gos_16.jpg','',NULL,NULL,0,0,19,NULL,0),
  ('images/gallery/go_summer/gos_17.jpg','',NULL,NULL,0,0,19,NULL,0),
  ('images/gallery/go_summer/gos_18.jpg','',NULL,NULL,0,0,19,NULL,0),
  ('images/gallery/go_summer/gos_19.jpg','',NULL,NULL,0,0,19,NULL,0),
  ('images/gallery/go_summer/gos_2.jpg','',NULL,NULL,0,0,19,NULL,0),
  ('images/gallery/go_summer/gos_20.jpg','',NULL,NULL,0,0,19,NULL,0),
  ('images/gallery/go_summer/gos_21.jpg','',NULL,NULL,0,0,19,NULL,0),
  ('images/gallery/go_summer/gos_22.jpg','',NULL,NULL,0,0,19,NULL,0),
  ('images/gallery/go_summer/gos_23.jpg','',NULL,NULL,0,0,19,NULL,0),
  ('images/gallery/go_summer/gos_24.jpg','',NULL,NULL,0,0,19,NULL,0),
  ('images/gallery/go_summer/gos_25.jpg','',NULL,NULL,0,0,19,NULL,0),
  ('images/gallery/go_summer/gos_26.jpg','',NULL,NULL,0,0,19,NULL,0),
  ('images/gallery/go_summer/gos_27.jpg','',NULL,NULL,0,0,19,NULL,0),
  ('images/gallery/go_summer/gos_28.jpg','',NULL,NULL,0,0,19,NULL,0),
  ('images/gallery/go_summer/gos_29.jpg','',NULL,NULL,0,0,19,NULL,0),
  ('images/gallery/go_summer/gos_3.jpg','',NULL,NULL,0,0,19,NULL,0),
  ('images/gallery/go_summer/gos_30.jpg','',NULL,NULL,0,0,19,NULL,0),
  ('images/gallery/go_summer/gos_31.jpg','',NULL,NULL,0,0,19,NULL,0),
  ('images/gallery/go_summer/gos_32.jpg','',NULL,NULL,0,0,19,NULL,0),
  ('images/gallery/go_summer/gos_33.jpg','',NULL,NULL,0,0,19,NULL,0),
  ('images/gallery/go_summer/gos_34.jpg','',NULL,NULL,0,0,19,NULL,0),
  ('images/gallery/go_summer/gos_35.jpg','',NULL,NULL,0,0,19,NULL,0),
  ('images/gallery/go_summer/gos_36.jpg','',NULL,NULL,0,0,19,NULL,0),
  ('images/gallery/go_summer/gos_37.jpg','',NULL,NULL,0,0,19,NULL,0),
  ('images/gallery/go_summer/gos_38.jpg','',NULL,NULL,0,0,19,NULL,0),
  ('images/gallery/go_summer/gos_39.jpg','',NULL,NULL,0,0,19,NULL,0),
  ('images/gallery/go_summer/gos_4.jpg','',NULL,NULL,0,0,19,NULL,0),
  ('images/gallery/go_summer/gos_40.jpg','',NULL,NULL,0,0,19,NULL,0),
  ('images/gallery/go_summer/gos_41.jpg','',NULL,NULL,0,0,19,NULL,0),
  ('images/gallery/go_summer/gos_42.jpg','',NULL,NULL,0,0,19,NULL,0),
  ('images/gallery/go_summer/gos_43.jpg','',NULL,NULL,0,0,19,NULL,0),
  ('images/gallery/go_summer/gos_44.jpg','',NULL,NULL,0,0,19,NULL,0),
  ('images/gallery/go_summer/gos_45.jpg','',NULL,NULL,0,0,19,NULL,0),
  ('images/gallery/go_summer/gos_46.jpg','',NULL,NULL,0,0,19,NULL,0),
  ('images/gallery/go_summer/gos_47.jpg','',NULL,NULL,0,0,19,NULL,0),
  ('images/gallery/go_summer/gos_48.jpg','',NULL,NULL,0,0,19,NULL,0),
  ('images/gallery/go_summer/gos_49.jpg','',NULL,NULL,0,0,19,NULL,0),
  ('images/gallery/go_summer/gos_5.jpg','',NULL,NULL,0,0,19,NULL,0),
  ('images/gallery/go_summer/gos_6.jpg','',NULL,NULL,0,0,19,NULL,0),
  ('images/gallery/go_summer/gos_7.jpg','',NULL,NULL,0,0,19,NULL,0),
  ('images/gallery/go_summer/gos_8.jpg','',NULL,NULL,0,0,19,NULL,0),
  ('images/gallery/go_summer/gos_9.jpg','',NULL,NULL,0,0,19,NULL,0),
  ('images/gallery/green_park/gp_1.jpg','',NULL,NULL,0,0,20,NULL,0),
  ('images/gallery/green_park/gp_10.jpg','',NULL,NULL,0,0,20,NULL,0),
  ('images/gallery/green_park/gp_11.jpg','',NULL,NULL,0,0,20,NULL,0),
  ('images/gallery/green_park/gp_12.jpg','',NULL,NULL,0,0,20,NULL,0),
  ('images/gallery/green_park/gp_2.jpg','',NULL,NULL,0,0,20,NULL,0),
  ('images/gallery/green_park/gp_3.jpg','',NULL,NULL,0,0,20,NULL,0),
  ('images/gallery/green_park/gp_4.jpg','',NULL,NULL,0,0,20,NULL,0),
  ('images/gallery/green_park/gp_5.jpg','',NULL,NULL,0,0,20,NULL,0),
  ('images/gallery/green_park/gp_6.jpg','',NULL,NULL,0,0,20,NULL,0),
  ('images/gallery/green_park/gp_7.jpg','',NULL,NULL,0,0,20,NULL,0),
  ('images/gallery/green_park/gp_8.jpg','',NULL,NULL,0,0,20,NULL,0),
  ('images/gallery/green_park/gp_9.jpg','',NULL,NULL,0,0,20,NULL,0),
  ('images/gallery/holyday/hl_1.jpg','No comment',NULL,NULL,0,0,11,NULL,0),
  ('images/gallery/holyday/hl_10.jpg','No comment',NULL,NULL,0,0,11,NULL,0),
  ('images/gallery/holyday/hl_11.jpg','No comment',NULL,NULL,0,0,11,NULL,0),
  ('images/gallery/holyday/hl_12.jpg','No comment',NULL,NULL,0,0,11,NULL,0),
  ('images/gallery/holyday/hl_2.jpg','No comment',NULL,NULL,0,0,11,NULL,0),
  ('images/gallery/holyday/hl_3.jpg','No comment',NULL,NULL,0,0,11,NULL,0),
  ('images/gallery/holyday/hl_4.jpg','No comment',NULL,NULL,0,0,11,NULL,0),
  ('images/gallery/holyday/hl_5.jpg','No comment',NULL,NULL,0,0,11,NULL,0),
  ('images/gallery/holyday/hl_6.jpg','No comment',NULL,NULL,0,0,11,NULL,0),
  ('images/gallery/holyday/hl_7.jpg','No comment',NULL,NULL,0,0,11,NULL,0),
  ('images/gallery/holyday/hl_8.jpg','No comment',NULL,NULL,0,0,11,NULL,0),
  ('images/gallery/holyday/hl_9.jpg','No comment',NULL,NULL,0,0,11,NULL,0),
  ('images/gallery/nightanapa/nta_1.jpg','',NULL,NULL,0,0,17,NULL,0),
  ('images/gallery/nightanapa/nta_10.jpg','',NULL,NULL,0,0,17,NULL,0),
  ('images/gallery/nightanapa/nta_11.jpg','',NULL,NULL,0,0,17,NULL,0),
  ('images/gallery/nightanapa/nta_12.jpg','',NULL,NULL,0,0,17,NULL,0),
  ('images/gallery/nightanapa/nta_13.jpg','',NULL,NULL,0,0,17,NULL,0),
  ('images/gallery/nightanapa/nta_14.jpg','',NULL,NULL,0,0,17,NULL,0),
  ('images/gallery/nightanapa/nta_15.jpg','',NULL,NULL,0,0,17,NULL,0),
  ('images/gallery/nightanapa/nta_16.jpg','',NULL,NULL,0,0,17,NULL,0),
  ('images/gallery/nightanapa/nta_17.jpg','',NULL,NULL,0,0,17,NULL,0),
  ('images/gallery/nightanapa/nta_18.jpg','',NULL,NULL,0,0,17,NULL,0),
  ('images/gallery/nightanapa/nta_19.jpg','',NULL,NULL,0,0,17,NULL,0),
  ('images/gallery/nightanapa/nta_2.jpg','',NULL,NULL,0,0,17,NULL,0),
  ('images/gallery/nightanapa/nta_3.jpg','',NULL,NULL,0,0,17,NULL,0),
  ('images/gallery/nightanapa/nta_4.jpg','',NULL,NULL,0,0,17,NULL,0),
  ('images/gallery/nightanapa/nta_5.jpg','',NULL,NULL,0,0,17,NULL,0),
  ('images/gallery/nightanapa/nta_6.jpg','',NULL,NULL,0,0,17,NULL,0),
  ('images/gallery/nightanapa/nta_7.jpg','',NULL,NULL,0,0,17,NULL,0),
  ('images/gallery/nightanapa/nta_8.jpg','',NULL,NULL,0,0,17,NULL,0),
  ('images/gallery/nightanapa/nta_9.jpg','',NULL,NULL,0,0,17,NULL,0),
  ('images/gallery/pp_vit/ppv_1.jpg','No comment',NULL,NULL,0,0,12,NULL,0),
  ('images/gallery/pp_vit/ppv_10.jpg','No comment',NULL,NULL,0,0,12,NULL,0),
  ('images/gallery/pp_vit/ppv_11.jpg','No comment',NULL,NULL,0,0,12,NULL,0),
  ('images/gallery/pp_vit/ppv_12.jpg','No comment',NULL,NULL,0,0,12,NULL,0),
  ('images/gallery/pp_vit/ppv_13.jpg','No comment',NULL,NULL,0,0,12,NULL,0),
  ('images/gallery/pp_vit/ppv_14.jpg','No comment',NULL,NULL,0,0,12,NULL,0),
  ('images/gallery/pp_vit/ppv_2.jpg','No comment',NULL,NULL,0,0,12,NULL,0),
  ('images/gallery/pp_vit/ppv_3.jpg','No comment',NULL,NULL,0,0,12,NULL,0),
  ('images/gallery/pp_vit/ppv_4.jpg','No comment',NULL,NULL,0,0,12,NULL,0),
  ('images/gallery/pp_vit/ppv_5.jpg','No comment',NULL,NULL,0,0,12,NULL,0),
  ('images/gallery/pp_vit/ppv_6.jpg','No comment',NULL,NULL,0,0,12,NULL,0),
  ('images/gallery/pp_vit/ppv_7.jpg','No comment',NULL,NULL,0,0,12,NULL,0),
  ('images/gallery/pp_vit/ppv_8.jpg','No comment',NULL,NULL,0,0,12,NULL,0),
  ('images/gallery/pp_vit/ppv_9.jpg','No comment',NULL,NULL,0,0,12,NULL,0),
  ('images/gallery/sp_tr/sptr_1.jpg','No comment',NULL,NULL,0,0,13,NULL,0),
  ('images/gallery/sp_tr/sptr_10.jpg','No comment',NULL,NULL,0,0,13,NULL,0),
  ('images/gallery/sp_tr/sptr_11.jpg','No comment',NULL,NULL,0,0,13,NULL,0),
  ('images/gallery/sp_tr/sptr_12.jpg','No comment',NULL,NULL,0,0,13,NULL,0),
  ('images/gallery/sp_tr/sptr_2.jpg','No comment',NULL,NULL,0,0,13,NULL,0),
  ('images/gallery/sp_tr/sptr_3.jpg','No comment',NULL,NULL,0,0,13,NULL,0),
  ('images/gallery/sp_tr/sptr_4.jpg','No comment',NULL,NULL,0,0,13,NULL,0),
  ('images/gallery/sp_tr/sptr_5.jpg','No comment',NULL,NULL,0,0,13,NULL,0),
  ('images/gallery/sp_tr/sptr_6.jpg','No comment',NULL,NULL,0,0,13,NULL,0),
  ('images/gallery/sp_tr/sptr_7.jpg','No comment',NULL,NULL,0,0,13,NULL,0),
  ('images/gallery/sp_tr/sptr_8.jpg','No comment',NULL,NULL,0,0,13,NULL,0),
  ('images/gallery/sp_tr/sptr_9.jpg','No comment',NULL,NULL,0,0,13,NULL,0),
  ('images/gallery/sukko/sk_1.jpg','No comment',NULL,NULL,0,0,14,NULL,0),
  ('images/gallery/sukko/sk_2.jpg','No comment',NULL,NULL,0,0,14,NULL,0),
  ('images/gallery/sukko/sk_3.jpg','No comment',NULL,NULL,0,0,14,NULL,0),
  ('images/gallery/sukko/sk_4.jpg','No comment',NULL,NULL,0,0,14,NULL,0),
  ('images/gallery/sukko/sk_5.jpg','No comment',NULL,NULL,0,0,14,NULL,0),
  ('images/gallery/sukko/sk_6.jpg','No comment',NULL,NULL,0,0,14,NULL,0),
  ('images/gallery/sukko/sk_7.jpg','No comment',NULL,NULL,0,0,14,NULL,0),
  ('images/gallery/sukko/sk_8.jpg','No comment',NULL,NULL,0,0,14,NULL,0),
  ('images/gallery/sukko/sk_9.jpg','No comment',NULL,NULL,0,0,14,NULL,0),
  ('images/gallery/utr/utr_1.jpg','No comment',NULL,NULL,0,0,15,NULL,0),
  ('images/gallery/utr/utr_2.jpg','No comment',NULL,NULL,0,0,15,NULL,0),
  ('images/gallery/utr/utr_3.jpg','No comment',NULL,NULL,0,0,15,NULL,0),
  ('images/gallery/utr/utr_4.jpg','No comment',NULL,NULL,0,0,15,NULL,0),
  ('images/gallery/utr/utr_5.jpg','No comment',NULL,NULL,0,0,15,NULL,0),
  ('images/gallery/utr/utr_6.jpg','No comment',NULL,NULL,0,0,15,NULL,0),
  ('images/gallery/utr/utr_7.jpg','No comment',NULL,NULL,0,0,15,NULL,0);
COMMIT;

#
# Data for the `options_level` table  (LIMIT -496,500)
#

INSERT INTO `options_level` (`ol_id`, `name`, `level`) VALUES 
  (1,'ЛЮКС',1),
  (2,'ПОЛУЛЮКС',2),
  (3,'СТАНДАРТ',3);
COMMIT;

#
# Data for the `ph_gallery` table  (LIMIT -482,500)
#

INSERT INTO `ph_gallery` (`ph_gallery_id`, `gallery_name`, `gallery_comment`, `g_filename`, `PRIORITY`) VALUES 
  (1,'Анапа - самое яркое солнце России',NULL,NULL,0),
  (5,'Морские пейзажи',NULL,NULL,0),
  (6,'Анапские аквапарки',NULL,NULL,0),
  (7,'На пляжах Анапы',NULL,NULL,0),
  (8,'Высокий берег',NULL,NULL,0),
  (9,'Разная Анапа',NULL,NULL,0),
  (10,'Семейный и детский отдых',NULL,NULL,0),
  (11,'Летние праздники',NULL,NULL,0),
  (12,'Витязево и Пионерский проспект',NULL,NULL,0),
  (13,'Спорт и лечение',NULL,NULL,0),
  (14,'Долина Сукко',NULL,NULL,0),
  (15,'Заповедник Большой Утриш',NULL,NULL,0),
  (16,'Огненное шоу',NULL,NULL,5),
  (17,'Ночная анапа',NULL,NULL,2),
  (18,'Анапа в мае',NULL,NULL,0),
  (19,'Лето началось 2010...',NULL,NULL,0),
  (20,'Анапские парки',NULL,NULL,0);
COMMIT;

#
# Data for the `remote_orders` table  (LIMIT -498,500)
#

INSERT INTO `remote_orders` (`ORDER_NUM`, `ADRESS`, `SUMM`, `ACCEPTED`, `INCOURSE`, `ABORT`, `DRNUM`, `PHONE`) VALUES 
  (5454,'вапвапвп',0,0,0,0,11,'9883138837');
COMMIT;

#
# Data for the `room_images` table  (LIMIT -498,500)
#

INSERT INTO `room_images` (`room_id`) VALUES 
  (0);
COMMIT;

#
# Data for the `rooms` table  (LIMIT -482,500)
#

INSERT INTO `rooms` (`rooms_id`, `hotel_num`, `comment`, `image_file`, `ol_id`) VALUES 
  (1,1,'<B>ЛЮКС - </B>2-комнатные номера с дополнительными местами (\r\nдо 5-ти человек).','',1),
  (2,1,'<B>СТАНДАРТ - </B>номера с дополнительным местом на 3-4 человека.','',3),
  (3,7,'многопрофильный, лечебно-оздоровительный комплекс \"Витязь\" круглогодичного действия соответствует категории \"четыре звезды\". ЛОК \"Витязь\" предоставляет своим гостям только благоустроенной проживание.','',3),
  (4,8,'1,2,3,4-местные номера со всеми удобствами: \"Люксы\", \"Полулюксы\", 2,3-местные коттеджи, 4-разовое питание, заказное меню','',3),
  (5,9,'2-комнатные (3-6 местные) и 1-комнатные (2-4 местные) номера, располагают всем необходимым для комфортного отдыха: современная удобная мебель, сплит-система, холодильник, телевизор фен.','',3),
  (6,10,'Отель на 27 номеров: 2,3,4-местные номера и 2-комнатные номера, оборудованые: ТВ, холодильник, сплит-система, санузел. У отеля имеется детская площадка, бассейн, крытая автостоянка.','',3),
  (7,11,'Уникальное разнообразие благоустроенного номерного фонда - 5 типов номеров: 4-комнатные коттеджи на 10-12 человек и домики без удобств; оригинальные финские домики на 4-6 человек; фешенебельные номера в 4-этажных коттеджах.','',3),
  (8,12,'Современные коттеджи канадской сборки, номера разной категории: 2,3-местные с удобствами и 2,3-местные с удобствами в блоке. Обширная ухоженная территория, детский городок, развлекательные программы, экскурсионное обслуживание.','',3),
  (9,13,'Красивое место на берегу лимана для тихого, спокойного, семейного отдыха.','',3),
  (10,14,'Номера 2,-3,-4-местные с удобствами. Трансферт. Доставка к морю.','',3),
  (11,15,'Комплекс располагает: \"апартаментами\", \"люксами\", \"полулюксами\" и номерами \"стандарт\"','',3),
  (12,16,'Современные, комфортные, 4-х местные номера','',3),
  (13,18,'2,3,4-местные номера различных категорий','',3),
  (14,17,'Номера 2,-3,-4-местные.В комнатах вентилятор.На этаже санузлы, гладильные доски. Во дворе - душевые, туалеты, место для стирки белья. Мангалы, место для приготовления шашлыка. ','',3),
  (15,20,'Частный дом на 8 однотипных 3-х и 4-х-местных номеров с удобствами. Просторный зеленый двор с местами для отдыха.','',3),
  (16,21,'2-х,3-х местные однокомнатные и двухкомнатные номера, оснащенные всем необходимым для комфортного профивания. В непосредственной близости (до 50м.) боулинг, бильярд, сауна','',3),
  (17,19,'В номере \"эконом\" - умывальник с горячей и холодной водой. На этаже - туалет, душ, общая кухня, набор посуды. В номере \"стандарт\" - санузел, душ, умывальник, телевизор, холодильник. На этаже - миникухня. В номере \"комфорт\" - санузел, душ, умывальник, телевизор, холодильник, кондиционер. На этаже - миникухня.','',3);
COMMIT;

#
# Data for the `rooms_options` table  (LIMIT -484,500)
#

INSERT INTO `rooms_options` (`rooms_id`, `so_id`) VALUES 
  (1,17),
  (1,16),
  (1,15),
  (1,14),
  (8,15),
  (17,8),
  (8,4),
  (8,3),
  (8,8),
  (16,2),
  (17,3),
  (17,10),
  (16,4),
  (16,8),
  (16,10);
COMMIT;

#
# Data for the `sea_dists` table  (LIMIT -494,500)
#

INSERT INTO `sea_dists` (`S_DIST_ID`, `SDIST_NAME`) VALUES 
  (1,'В непосредственной близости'),
  (2,'5-15 минут ходьбы'),
  (3,'до 20 мин. ходьбы'),
  (4,'более 20 или гор. транспортом'),
  (5,'ежедневные перевозки');
COMMIT;

#
# Data for the `service_options` table  (LIMIT -448,500)
#

INSERT INTO `service_options` (`so_id`, `name`, `filename`) VALUES 
  (1,'Интернет','images/system/services/internet.png'),
  (2,'Душ','images/system/services/shower.png'),
  (4,'Кондиционер','images/system/services/aircondit.png'),
  (7,'Питание','images/system/services/eat_restoran.png'),
  (8,'Цифровое телевидение','images/system/services/satellitetv.png'),
  (9,'Телефон','images/system/services/phone.png'),
  (10,'Холодильник','images/system/services/refrigerator.png'),
  (11,'Пляж рядом','images/system/services/beach.png'),
  (12,'Бильярд','images/system/services/pool.png'),
  (13,'Ванна с душем','images/system/services/shower_plus.png'),
  (14,'Телевизор','images/system/services/tv.png'),
  (19,'Ванная комната','images/system/services/bathroom.png'),
  (20,'Стоянка','images/system/services/parking.png'),
  (21,'Корт','images/system/services/tennis.png'),
  (22,'Бассейн','images/system/services/basin.png'),
  (23,'Тренажерный зал','images/system/services/sport.png'),
  (24,'Сауна','images/system/services/sauna.png'),
  (29,'Свой транспорт','images/system/services/transport.png'),
  (30,'Ночной клуб','images/system/services/disco.png'),
  (31,'Магазин рядом','images/system/services/shop.png'),
  (33,'Есть кухня','images/system/services/coock.png'),
  (34,'Номера на 1 место','images/system/services/1places.png'),
  (35,'Номера на 2 места','images/system/services/2places.png'),
  (36,'Номера на 3 места и более','images/system/services/3places.png'),
  (37,'Система сигнализации','images/system/services/alarm_system.png'),
  (38,'Апартаменты','images/system/services/apartm.png'),
  (39,'Банкетный зал','images/system/services/banquethall.png'),
  (40,'Бар','images/system/services/bar.png'),
  (41,'Пивной бар','images/system/services/beerbar.png'),
  (42,'Музыка в номере','images/system/services/big_sound.png'),
  (43,'Боулинг','images/system/services/bowling.png'),
  (44,'Кафе свое или рядом','images/system/services/cafe.png'),
  (45,'Мангал (гриль, барбекю)','images/system/services/grill.png'),
  (46,'Гладильная','images/system/services/ironing.png'),
  (47,'Джакузи, шарко','images/system/services/jacoosea.png'),
  (48,'Люксы','images/system/services/lux.png'),
  (49,'Медицинский сервис, лечение','images/system/services/medical_service.png'),
  (50,'Микроволновка','images/system/services/microwave.png'),
  (51,'Минибар','images/system/services/minibar.png'),
  (52,'Ночной бар','images/system/services/nightbar.png'),
  (53,'Полулюксы','images/system/services/partlux.png'),
  (54,'Компьютер','images/system/services/pc.png'),
  (55,'Фен (сушилка)','images/system/services/phene.png'),
  (56,'Сейф в номере','images/system/services/safe.png'),
  (57,'Сейф у администратора','images/system/services/safe_reception.png'),
  (58,'Кодовая система охраны','images/system/services/secur_system.png'),
  (59,'Туалет в номере','images/system/services/sept.png'),
  (60,'Солярий','images/system/services/solare.png'),
  (61,'Видео, DVD-система','images/system/services/video.png'),
  (62,'Мягкая мебель','images/system/services/uphostered.png'),
  (63,'Рядом парк или своя территория','images/system/services/territory.png');
COMMIT;

#
# Data for the `st_regions` table  (LIMIT -488,500)
#

INSERT INTO `st_regions` (`SREGION_ID`, `SR_NAME`, `STATE_ID`) VALUES 
  (1,'Центр Анапы',1),
  (2,'Район Высокого берега',1),
  (3,'Пионерский проспект',1),
  (4,'Витязево',1),
  (5,'Спальные районы, вблизи моря',1),
  (6,'Спальные районы, вдали от моря',1),
  (7,'Сукко',1),
  (8,'Большой утриш',1),
  (9,'Благовещенская',1),
  (10,'Джемете',1),
  (11,'Пригород (в т.ч. близко к морю)',1);
COMMIT;

#
# Data for the `states` table  (LIMIT -498,500)
#

INSERT INTO `states` (`STATE_ID`, `ST_NAME`) VALUES 
  (1,'Анапа');
COMMIT;

#
# Data for the `td_messages` table  (LIMIT -489,500)
#

INSERT INTO `td_messages` (`MSG_ID`, `OPERATION_NAME`, `SOURCE_ID`, `DEST_ID`, `OBJ_ID`, `STR_PARAM_1`, `STR_PARAM_2`, `STR_PARAM_3`, `INT_PARAM_1`, `INT_PARAM_2`, `INT_PARAM_3`, `IN_DEST`, `ANSWER`) VALUES 
  (1,'MSG',1,1,0,'','','',0,0,0,0,0),
  (2,'MSG',0,1,0,'Тестовое сообщение','','',0,0,0,0,0),
  (3,'MSG',0,1,0,'Тестовое сообщение','','',0,0,0,0,0),
  (4,'MSG',0,1,0,'Тестовое сообщение','','',0,0,0,0,0),
  (5,'MSG',0,1,0,'Тестовое сообщение','','',0,0,0,0,0),
  (6,'MSG',0,1,0,'Тестовое сообщение','','',0,0,0,0,0),
  (7,'MSG',0,1,0,'Тестовое сообщение','','',0,0,0,0,0),
  (8,'MSG',0,1,0,'Тестовое сообщение','','',0,0,0,0,0),
  (9,'MSG',0,1,0,'Тестовое сообщение','','',0,0,0,0,0),
  (10,'MSG',0,1,0,'Тестовое сообщение','','',0,0,0,0,0);
COMMIT;



/*!40101 SET CHARACTER_SET_CLIENT=@OLD_CHARACTER_SET_CLIENT */;
/*!40101 SET CHARACTER_SET_RESULTS=@OLD_CHARACTER_SET_RESULTS */;
/*!40101 SET COLLATION_CONNECTION=@OLD_COLLATION_CONNECTION */;